zip,lat,lng,city,state_id
73960,36.49167,-101.79265,Texhoma,TX
75001,32.96015,-96.83808,Addison,TX
75002,33.08946,-96.60639,Allen,TX
75006,32.96165,-96.89717,Carrollton,TX
75007,33.00498,-96.8959,Carrollton,TX
75009,33.3384,-96.75185,Celina,TX
75010,33.03058,-96.90148,Carrollton,TX
75013,33.11463,-96.69413,Allen,TX
75019,32.96183,-96.984,Coppell,TX
75020,33.77264,-96.60391,Denison,TX
75021,33.72686,-96.47552,Denison,TX
75022,33.02554,-97.11871,Flower Mound,TX
75023,33.05657,-96.73286,Plano,TX
75024,33.07712,-96.80826,Plano,TX
75025,33.09057,-96.74061,Plano,TX
75028,33.03382,-97.0629,Flower Mound,TX
75032,32.85756,-96.42858,Rockwall,TX
75033,33.18471,-96.84404,Frisco,TX
75034,33.12084,-96.83778,Frisco,TX
75035,33.15814,-96.7734,Frisco,TX
75036,33.13339,-96.91453,Frisco,TX
75038,32.87231,-96.97946,Irving,TX
75039,32.88592,-96.94042,Irving,TX
75040,32.92797,-96.62006,Garland,TX
75041,32.88101,-96.65149,Garland,TX
75042,32.91401,-96.67466,Garland,TX
75043,32.8571,-96.57986,Garland,TX
75044,32.96299,-96.6531,Garland,TX
75048,32.9704,-96.58139,Sachse,TX
75050,32.77428,-97.0037,Grand Prairie,TX
75051,32.72635,-96.99375,Grand Prairie,TX
75052,32.66455,-97.02809,Grand Prairie,TX
75054,32.60036,-97.03409,Grand Prairie,TX
75056,33.07541,-96.90978,The Colony,TX
75057,33.05012,-96.9772,Lewisville,TX
75058,33.4473,-96.73546,Gunter,TX
75060,32.79774,-96.95295,Irving,TX
75061,32.82607,-96.96563,Irving,TX
75062,32.847,-96.95813,Irving,TX
75063,32.90797,-96.9961,Irving,TX
75065,33.11108,-97.01277,Lake Dallas,TX
75067,33.01416,-97.00268,Lewisville,TX
75068,33.17713,-96.95228,Little Elm,TX
75069,33.16805,-96.59671,Mckinney,TX
75070,33.15587,-96.69742,Mckinney,TX
75071,33.24558,-96.62951,Mckinney,TX
75072,33.1875,-96.70099,Mckinney,TX
75074,33.03298,-96.67304,Plano,TX
75075,33.02163,-96.74043,Plano,TX
75076,33.79608,-96.71913,Pottsboro,TX
75077,33.07921,-97.06401,Lewisville,TX
75078,33.24526,-96.80791,Prosper,TX
75080,32.97382,-96.7416,Richardson,TX
75081,32.94969,-96.70899,Richardson,TX
75082,32.99208,-96.66536,Richardson,TX
75087,32.94581,-96.44136,Rockwall,TX
75088,32.89368,-96.53929,Rowlett,TX
75089,32.93195,-96.54435,Rowlett,TX
75090,33.6054,-96.54657,Sherman,TX
75092,33.64869,-96.70011,Sherman,TX
75093,33.03521,-96.80943,Plano,TX
75094,33.01871,-96.61481,Plano,TX
75098,33.01432,-96.53531,Wylie,TX
75101,32.27003,-96.70239,Bardwell,TX
75102,32.08274,-96.63999,Barry,TX
75103,32.51201,-95.88363,Canton,TX
75104,32.58295,-96.96712,Cedar Hill,TX
75105,32.26717,-96.36682,Chatfield,TX
75109,32.04246,-96.35622,Corsicana,TX
75110,32.08071,-96.52344,Corsicana,TX
75114,32.60769,-96.44322,Crandall,TX
75115,32.59831,-96.86433,Desoto,TX
75116,32.66013,-96.91402,Duncanville,TX
75117,32.71005,-95.85268,Edgewood,TX
75119,32.32293,-96.59107,Ennis,TX
75124,32.32579,-95.96932,Eustace,TX
75125,32.52983,-96.61563,Ferris,TX
75126,32.74361,-96.45289,Forney,TX
75127,32.6926,-95.79262,Fruitvale,TX
75132,32.93865,-96.38046,Fate,TX
75134,32.62308,-96.78007,Lancaster,TX
75135,33.06666,-96.22567,Caddo Mills,TX
75137,32.63421,-96.91224,Duncanville,TX
75140,32.64485,-95.68854,Grand Saline,TX
75141,32.63984,-96.69257,Hutchins,TX
75142,32.57004,-96.24637,Kaufman,TX
75143,32.36334,-96.24929,Kemp,TX
75144,32.11157,-96.20954,Kerens,TX
75146,32.57608,-96.75137,Lancaster,TX
75147,32.42256,-96.06517,Mabank,TX
75148,32.12491,-96.01173,Malakoff,TX
75149,32.76994,-96.6151,Mesquite,TX
75150,32.81545,-96.6308,Mesquite,TX
75152,32.43598,-96.67444,Palmer,TX
75153,32.17149,-96.35331,Powell,TX
75154,32.52319,-96.80885,Red Oak,TX
75155,32.2232,-96.46906,Rice,TX
75156,32.28759,-96.09999,Mabank,TX
75157,32.46168,-96.44914,Rosser,TX
75158,32.46694,-96.39315,Scurry,TX
75159,32.60652,-96.53939,Seagoville,TX
75160,32.76466,-96.29835,Terrell,TX
75161,32.73609,-96.17129,Terrell,TX
75163,32.1672,-96.10999,Trinidad,TX
75164,33.06963,-96.3041,Josephine,TX
75165,32.36687,-96.79677,Waxahachie,TX
75166,33.01671,-96.4495,Lavon,TX
75167,32.36123,-96.91547,Waxahachie,TX
75169,32.70335,-95.99754,Wills Point,TX
75172,32.60369,-96.67458,Wilmer,TX
75173,33.05986,-96.38673,Nevada,TX
75180,32.71937,-96.61841,Balch Springs,TX
75181,32.72696,-96.555,Mesquite,TX
75182,32.80033,-96.55425,Sunnyvale,TX
75189,32.94821,-96.30941,Royse City,TX
75201,32.78826,-96.79953,Dallas,TX
75202,32.77843,-96.8037,Dallas,TX
75203,32.74439,-96.80206,Dallas,TX
75204,32.80216,-96.78885,Dallas,TX
75205,32.83657,-96.79617,Dallas,TX
75206,32.83161,-96.77032,Dallas,TX
75207,32.78693,-96.82181,Dallas,TX
75208,32.75409,-96.83943,Dallas,TX
75209,32.8487,-96.8257,Dallas,TX
75210,32.77141,-96.74618,Dallas,TX
75211,32.73649,-96.90214,Dallas,TX
75212,32.78203,-96.87853,Dallas,TX
75214,32.82899,-96.74348,Dallas,TX
75215,32.75259,-96.76075,Dallas,TX
75216,32.71158,-96.78256,Dallas,TX
75217,32.71291,-96.68243,Dallas,TX
75218,32.84136,-96.70357,Dallas,TX
75219,32.81087,-96.81315,Dallas,TX
75220,32.86692,-96.87571,Dallas,TX
75223,32.79255,-96.74556,Dallas,TX
75224,32.71117,-96.83953,Dallas,TX
75225,32.86511,-96.79109,Dallas,TX
75226,32.78315,-96.77654,Dallas,TX
75227,32.77044,-96.68831,Dallas,TX
75228,32.82456,-96.6805,Dallas,TX
75229,32.8939,-96.86517,Dallas,TX
75230,32.90202,-96.79226,Dallas,TX
75231,32.87695,-96.74967,Dallas,TX
75232,32.65878,-96.83968,Dallas,TX
75233,32.70444,-96.87271,Dallas,TX
75234,32.92423,-96.88904,Dallas,TX
75235,32.83219,-96.84798,Dallas,TX
75236,32.6866,-96.93455,Dallas,TX
75237,32.66489,-96.87238,Dallas,TX
75238,32.87855,-96.70785,Dallas,TX
75240,32.93194,-96.78924,Dallas,TX
75241,32.667,-96.75903,Dallas,TX
75243,32.91232,-96.73633,Dallas,TX
75244,32.92544,-96.83671,Dallas,TX
75246,32.79296,-96.77322,Dallas,TX
75247,32.81417,-96.87803,Dallas,TX
75248,32.96957,-96.79542,Dallas,TX
75249,32.6449,-96.96257,Dallas,TX
75251,32.91984,-96.77308,Dallas,TX
75252,32.99696,-96.78983,Dallas,TX
75253,32.67278,-96.61171,Dallas,TX
75254,32.94571,-96.80127,Dallas,TX
75261,32.88568,-97.05419,Dallas,TX
75270,32.78126,-96.80192,Dallas,TX
75287,33.00015,-96.84075,Dallas,TX
75390,32.814,-96.84283,Dallas,TX
75401,33.18506,-96.11556,Greenville,TX
75402,33.06724,-96.08576,Greenville,TX
75407,33.1512,-96.48808,Princeton,TX
75409,33.35223,-96.52808,Anna,TX
75410,32.7921,-95.63705,Alba,TX
75411,33.86275,-95.63955,Arthur City,TX
75412,33.80295,-95.14232,Bagwell,TX
75413,33.43596,-96.16477,Bailey,TX
75414,33.62504,-96.43193,Bells,TX
75415,33.4645,-95.74603,Ben Franklin,TX
75416,33.67255,-95.35431,Blossom,TX
75417,33.43827,-95.13114,Bogata,TX
75418,33.57235,-96.1773,Bonham,TX
75420,33.05782,-95.72503,Brashear,TX
75421,33.6448,-95.71809,Brookston,TX
75422,33.13889,-95.93059,Campbell,TX
75423,33.29279,-96.19918,Celeste,TX
75424,33.30535,-96.39059,Blue Ridge,TX
75426,33.65608,-95.01093,Clarksville,TX
75428,33.27132,-95.91799,Commerce,TX
75429,33.27847,-95.89231,Commerce,TX
75431,33.0073,-95.4628,Como,TX
75432,33.38912,-95.66804,Cooper,TX
75433,33.10883,-95.80571,Cumby,TX
75434,33.41258,-95.35171,Cunningham,TX
75435,33.50175,-95.29522,Deport,TX
75436,33.73507,-95.24904,Detroit,TX
75437,33.25605,-95.46567,Dike,TX
75438,33.60701,-96.07462,Dodd City,TX
75439,33.55261,-96.27796,Ector,TX
75440,32.87507,-95.75262,Emory,TX
75441,33.4296,-95.65456,Enloe,TX
75442,33.17717,-96.35035,Farmersville,TX
75446,33.61385,-95.89177,Honey Grove,TX
75447,33.765,-96.11966,Ivanhoe,TX
75448,33.31478,-95.79681,Klondike,TX
75449,33.423,-95.9493,Ladonia,TX
75450,33.40465,-95.47481,Lake Creek,TX
75451,32.96247,-95.11835,Leesburg,TX
75452,33.39284,-96.24469,Leonard,TX
75453,33.00025,-95.92817,Lone Oak,TX
75454,33.283,-96.56073,Melissa,TX
75455,33.21725,-94.98022,Mount Pleasant,TX
75457,33.1746,-95.21125,Mount Vernon,TX
75459,33.52988,-96.6831,Howe,TX
75460,33.6627,-95.60296,Paris,TX
75462,33.62166,-95.48362,Paris,TX
75468,33.51175,-95.40747,Pattonville,TX
75469,33.41269,-95.8248,Pecan Gap,TX
75470,33.58341,-95.79836,Petty,TX
75471,33.04431,-95.38883,Pickton,TX
75472,32.89177,-95.87239,Point,TX
75473,33.81461,-95.48433,Powderly,TX
75474,32.91709,-96.10611,Quinlan,TX
75475,33.48593,-96.25757,Randolph,TX
75476,33.70793,-96.24342,Ravenna,TX
75477,33.53118,-95.73429,Roxton,TX
75478,33.17276,-95.35226,Saltillo,TX
75479,33.63007,-96.3386,Savoy,TX
75480,33.02129,-95.19159,Scroggins,TX
75481,33.31751,-95.37485,Sulphur Bluff,TX
75482,33.16929,-95.60946,Sulphur Springs,TX
75486,33.75757,-95.74663,Sumner,TX
75487,33.33584,-95.16567,Talco,TX
75488,33.77628,-95.98899,Telephone,TX
75489,33.5204,-96.48467,Tom Bean,TX
75490,33.4363,-96.30771,Trenton,TX
75491,33.49741,-96.39485,Whitewright,TX
75492,33.59139,-96.0004,Windom,TX
75493,33.14073,-95.11316,Winfield,TX
75494,32.90898,-95.26126,Winnsboro,TX
75495,33.43246,-96.55041,Van Alstyne,TX
75496,33.36276,-96.06616,Wolfe City,TX
75497,32.92098,-95.5764,Yantis,TX
75501,33.37413,-94.13168,Texarkana,TX
75503,33.51345,-94.13038,Texarkana,TX
75550,33.49966,-94.88454,Annona,TX
75551,33.11648,-94.20325,Atlanta,TX
75554,33.58534,-94.78563,Avery,TX
75555,32.94564,-94.13696,Bivins,TX
75556,33.1512,-94.06263,Bloomburg,TX
75558,33.25017,-94.85564,Cookville,TX
75559,33.49929,-94.63931,De Kalb,TX
75560,33.1957,-94.36699,Douglassville,TX
75561,33.517,-94.27855,Hooks,TX
75562,32.93588,-94.25302,Kildare,TX
75563,33.01835,-94.38871,Linden,TX
75564,32.88784,-94.24962,Lodi,TX
75565,32.95202,-94.07527,McLeod,TX
75566,33.15256,-94.49018,Marietta,TX
75567,33.31688,-94.31935,Maud,TX
75568,33.19607,-94.59362,Naples,TX
75569,33.44127,-94.12292,Nash,TX
75570,33.4649,-94.4389,New Boston,TX
75571,33.20704,-94.76407,Omaha,TX
75572,33.23114,-94.12934,Queen City,TX
75573,33.34214,-94.22454,Redwater,TX
75574,33.32892,-94.55229,Simms,TX
75601,32.5086,-94.72414,Longview,TX
75602,32.45803,-94.65712,Longview,TX
75603,32.40448,-94.71754,Longview,TX
75604,32.51374,-94.82919,Longview,TX
75605,32.58385,-94.71554,Longview,TX
75630,32.87588,-94.5572,Avinger,TX
75631,32.25343,-94.44957,Beckville,TX
75633,32.12788,-94.28109,Carthage,TX
75638,33.01869,-94.73173,Daingerfield,TX
75639,32.28441,-94.16897,De Berry,TX
75640,32.7152,-94.68133,Diana,TX
75641,32.3846,-94.5757,Easton,TX
75642,32.35818,-94.17821,Elysian Fields,TX
75643,32.01041,-94.35518,Gary,TX
75644,32.79171,-94.99498,Gilmer,TX
75645,32.68375,-94.87317,Gilmer,TX
75647,32.5167,-94.96429,Gladewater,TX
75650,32.51529,-94.55358,Hallsville,TX
75651,32.67061,-94.53064,Harleton,TX
75652,32.2301,-94.7281,Henderson,TX
75654,32.08299,-94.82961,Henderson,TX
75656,33.01471,-94.58686,Hughes Springs,TX
75657,32.79437,-94.30498,Jefferson,TX
75658,32.17545,-94.90362,Joinerville,TX
75659,32.50725,-94.09249,Jonesville,TX
75661,32.63908,-94.15655,Karnack,TX
75662,32.38076,-94.87503,Kilgore,TX
75667,31.988,-94.83729,Laneville,TX
75668,32.90846,-94.68485,Lone Star,TX
75669,32.03348,-94.55678,Long Branch,TX
75670,32.56456,-94.42326,Marshall,TX
75671,32.48907,-94.31494,Marshall,TX
75672,32.47076,-94.29353,Marshall,TX
75680,32.01035,-94.71824,Minden,TX
75681,31.93597,-94.685,Mount Enterprise,TX
75682,32.25152,-94.94713,New London,TX
75683,32.82182,-94.74035,Ore City,TX
75684,32.27085,-94.93147,Overton,TX
75686,32.96921,-94.94697,Pittsburg,TX
75687,32.10575,-94.96352,Price,TX
75689,32.18196,-94.95771,Selman City,TX
75691,32.31108,-94.55725,Tatum,TX
75692,32.4718,-94.11936,Waskom,TX
75693,32.53364,-94.86083,White Oak,TX
75694,32.6383,-94.34442,Woodlawn,TX
75701,32.32297,-95.29679,Tyler,TX
75702,32.36403,-95.31207,Tyler,TX
75703,32.23825,-95.31947,Tyler,TX
75704,32.40616,-95.4407,Tyler,TX
75705,32.35905,-95.10149,Tyler,TX
75706,32.46822,-95.30402,Tyler,TX
75707,32.30479,-95.171,Tyler,TX
75708,32.41436,-95.20717,Tyler,TX
75709,32.31323,-95.38904,Tyler,TX
75711,32.33698,-95.28382,Tyler,TX
75750,32.27222,-95.07124,Arp,TX
75751,32.07875,-95.91661,Athens,TX
75752,32.24239,-95.80751,Athens,TX
75754,32.42431,-95.66462,Ben Wheeler,TX
75755,32.63236,-95.08662,Big Sandy,TX
75756,32.30031,-95.59771,Brownsboro,TX
75757,32.11584,-95.34933,Bullard,TX
75758,32.27375,-95.50484,Chandler,TX
75759,32.03617,-95.41573,Cuney,TX
75760,31.80738,-94.85758,Cushing,TX
75762,32.21926,-95.41218,Flint,TX
75763,32.04154,-95.52231,Frankston,TX
75764,31.89522,-95.14369,Gallatin,TX
75765,32.64119,-95.2359,Hawkins,TX
75766,31.94592,-95.25181,Jacksonville,TX
75770,32.14058,-95.64694,Larue,TX
75771,32.53542,-95.43006,Lindale,TX
75773,32.67969,-95.44654,Mineola,TX
75778,32.30239,-95.71367,Murchison,TX
75779,31.86434,-95.48486,Neches,TX
75780,31.98905,-95.09122,New Summerfield,TX
75782,32.0693,-95.58777,Poynor,TX
75783,32.82227,-95.42386,Quitman,TX
75784,31.87344,-94.96234,Reklaw,TX
75785,31.76641,-95.17446,Rusk,TX
75788,31.82252,-94.91617,Sacul,TX
75789,32.1126,-95.09405,Troup,TX
75790,32.52749,-95.64255,Van,TX
75791,32.22214,-95.22103,Whitehouse,TX
75792,32.4679,-95.10623,Winona,TX
75801,31.74004,-95.55116,Palestine,TX
75803,31.87513,-95.66704,Palestine,TX
75831,31.45745,-96.02275,Buffalo,TX
75833,31.26304,-95.83999,Centerville,TX
75835,31.29758,-95.48834,Crockett,TX
75838,31.47956,-96.22844,Donie,TX
75839,31.6181,-95.55738,Elkhart,TX
75840,31.78412,-96.08552,Fairfield,TX
75844,31.51921,-95.43481,Grapeland,TX
75845,31.09488,-95.08707,Groveton,TX
75846,31.34683,-96.18118,Jewett,TX
75847,31.35204,-95.13564,Kennard,TX
75848,31.77281,-96.33408,Kirvin,TX
75849,31.39624,-95.47618,Latexo,TX
75850,31.13209,-95.91595,Leona,TX
75851,31.09458,-95.49555,Lovelady,TX
75852,30.98723,-95.72023,Midway,TX
75853,31.93488,-95.80963,Montalba,TX
75855,31.5592,-95.85447,Oakwood,TX
75856,31.20138,-95.2537,Pennington,TX
75858,31.38083,-95.13676,Ratcliff,TX
75859,31.8842,-96.25512,Streetman,TX
75860,31.62342,-96.24615,Teague,TX
75861,31.8524,-95.88771,Tennessee Colony,TX
75862,30.96193,-95.32951,Trinity,TX
75865,31.05808,-94.96228,Woodlake,TX
75884,31.78928,-95.89263,Tennessee Colony,TX
75886,31.78698,-95.91234,Tennessee Colony,TX
75901,31.30264,-94.65481,Lufkin,TX
75903,31.37428,-94.74796,Lufkin,TX
75904,31.33872,-94.83467,Lufkin,TX
75925,31.61018,-95.05327,Alto,TX
75926,31.23281,-94.96944,Apple Springs,TX
75928,30.67111,-93.7064,Bon Wier,TX
75929,31.23579,-94.19735,Broaddus,TX
75930,31.33641,-94.03522,Bronson,TX
75931,31.09978,-93.98953,Brookeland,TX
75932,31.0551,-93.61396,Burkeville,TX
75933,30.55314,-93.81608,Call,TX
75934,30.89688,-94.75153,Camden,TX
75935,31.72999,-94.20077,Center,TX
75936,30.95147,-94.58883,Chester,TX
75937,31.47805,-94.38259,Chireno,TX
75938,30.93436,-94.35605,Colmesneil,TX
75939,31.01496,-94.80501,Corrigan,TX
75941,31.18078,-94.76219,Diboll,TX
75942,30.82567,-94.41657,Doucette,TX
75943,31.65451,-94.88935,Douglass,TX
75944,31.34514,-94.38636,Etoile,TX
75946,31.81372,-94.52392,Garrison,TX
75948,31.29389,-93.77573,Hemphill,TX
75949,31.22907,-94.51782,Huntington,TX
75951,30.93098,-94.05762,Jasper,TX
75954,31.92169,-94.05523,Joaquin,TX
75956,30.6721,-93.96706,Kirbyville,TX
75959,31.51021,-93.83994,Milam,TX
75960,30.90372,-94.8618,Moscow,TX
75961,31.5576,-94.51098,Nacogdoches,TX
75962,31.61981,-94.6484,Nacogdoches,TX
75964,31.63334,-94.75057,Nacogdoches,TX
75965,31.7284,-94.62629,Nacogdoches,TX
75966,30.83783,-93.72611,Newton,TX
75968,31.25882,-93.95924,Pineland,TX
75969,31.44765,-94.89758,Pollok,TX
75972,31.49407,-94.12173,San Augustine,TX
75973,31.71977,-93.93259,Shelbyville,TX
75974,31.95674,-94.23713,Tenaha,TX
75975,31.89535,-94.4122,Timpson,TX
75976,31.51546,-94.93863,Wells,TX
75977,31.05997,-93.78455,Wiergate,TX
75979,30.77477,-94.4026,Woodville,TX
75980,31.12387,-94.34703,Zavalla,TX
76001,32.63076,-97.15408,Arlington,TX
76002,32.62233,-97.09265,Arlington,TX
76005,32.80057,-97.08001,Arlington,TX
76006,32.78511,-97.10019,Arlington,TX
76008,32.68182,-97.62738,Aledo,TX
76009,32.41635,-97.20115,Alvarado,TX
76010,32.72271,-97.08065,Arlington,TX
76011,32.7543,-97.08223,Arlington,TX
76012,32.75459,-97.13901,Arlington,TX
76013,32.72027,-97.15652,Arlington,TX
76014,32.69201,-97.08814,Arlington,TX
76015,32.69204,-97.13341,Arlington,TX
76016,32.68907,-97.18868,Arlington,TX
76017,32.66223,-97.16237,Arlington,TX
76018,32.66074,-97.08967,Arlington,TX
76020,32.90102,-97.56483,Azle,TX
76021,32.8523,-97.13128,Bedford,TX
76022,32.83063,-97.14506,Bedford,TX
76023,33.04777,-97.60425,Boyd,TX
76028,32.52603,-97.30491,Burleson,TX
76031,32.34873,-97.33267,Cleburne,TX
76033,32.28663,-97.52075,Cleburne,TX
76034,32.89121,-97.1488,Colleyville,TX
76035,32.56172,-97.64251,Cresson,TX
76036,32.57366,-97.41434,Crowley,TX
76039,32.8592,-97.08422,Euless,TX
76040,32.82133,-97.10488,Euless,TX
76041,32.23911,-96.85724,Forreston,TX
76043,32.20039,-97.76129,Glen Rose,TX
76044,32.42961,-97.54286,Godley,TX
76048,32.40791,-97.80117,Granbury,TX
76049,32.46759,-97.70645,Granbury,TX
76050,32.27262,-97.16326,Grandview,TX
76051,32.94192,-97.07888,Grapevine,TX
76052,32.98205,-97.38037,Haslet,TX
76053,32.81683,-97.17898,Hurst,TX
76054,32.85904,-97.17789,Hurst,TX
76055,32.1596,-97.14812,Itasca,TX
76058,32.47072,-97.4251,Joshua,TX
76059,32.3921,-97.32897,Keene,TX
76060,32.63987,-97.2161,Kennedale,TX
76061,32.5026,-97.19813,Lillian,TX
76063,32.56913,-97.14376,Mansfield,TX
76064,32.30757,-97.03225,Maypearl,TX
76065,32.47042,-96.98861,Midlothian,TX
76066,32.7058,-97.99913,Millsap,TX
76067,32.80303,-98.1449,Mineral Wells,TX
76070,32.24291,-97.64991,Nemo,TX
76071,33.00613,-97.47821,Newark,TX
76073,33.10416,-97.72571,Paradise,TX
76077,32.27886,-97.70891,Rainbow,TX
76078,33.0896,-97.46647,Rhome,TX
76082,32.97098,-97.71783,Springtown,TX
76084,32.43258,-97.0888,Venus,TX
76085,32.84907,-97.70051,Weatherford,TX
76086,32.75345,-97.78909,Weatherford,TX
76087,32.66995,-97.79065,Weatherford,TX
76088,32.84554,-97.90345,Weatherford,TX
76092,32.95562,-97.14879,Southlake,TX
76093,32.21459,-97.40098,Rio Vista,TX
76102,32.75799,-97.32858,Fort Worth,TX
76103,32.75282,-97.26627,Fort Worth,TX
76104,32.72848,-97.31819,Fort Worth,TX
76105,32.72327,-97.26999,Fort Worth,TX
76106,32.81417,-97.35209,Fort Worth,TX
76107,32.74176,-97.38202,Fort Worth,TX
76108,32.77943,-97.51811,Fort Worth,TX
76109,32.70115,-97.38378,Fort Worth,TX
76110,32.70678,-97.33843,Fort Worth,TX
76111,32.7804,-97.30116,Fort Worth,TX
76112,32.74831,-97.21828,Fort Worth,TX
76114,32.77365,-97.40417,Fort Worth,TX
76115,32.67861,-97.33117,Fort Worth,TX
76116,32.72128,-97.44766,Fort Worth,TX
76117,32.80374,-97.26766,Haltom City,TX
76118,32.79606,-97.1972,Fort Worth,TX
76119,32.69026,-97.26176,Fort Worth,TX
76120,32.76742,-97.18286,Fort Worth,TX
76123,32.62298,-97.40262,Fort Worth,TX
76126,32.64374,-97.51767,Fort Worth,TX
76127,32.77663,-97.43044,Naval Air Station Jrb,TX
76129,32.70934,-97.36255,Fort Worth,TX
76131,32.88227,-97.34895,Fort Worth,TX
76132,32.66743,-97.41827,Fort Worth,TX
76133,32.6538,-97.37746,Fort Worth,TX
76134,32.64331,-97.33103,Fort Worth,TX
76135,32.83708,-97.46621,Fort Worth,TX
76137,32.85864,-97.29137,Fort Worth,TX
76140,32.62012,-97.27036,Fort Worth,TX
76148,32.86789,-97.25197,Fort Worth,TX
76155,32.82404,-97.04911,Fort Worth,TX
76164,32.7808,-97.35411,Fort Worth,TX
76177,32.96999,-97.30611,Fort Worth,TX
76179,32.91397,-97.43947,Fort Worth,TX
76180,32.83994,-97.22468,North Richland Hills,TX
76182,32.88257,-97.20969,North Richland Hills,TX
76201,33.22122,-97.14715,Denton,TX
76203,33.21213,-97.15181,Denton,TX
76205,33.19074,-97.12894,Denton,TX
76207,33.22174,-97.18505,Denton,TX
76208,33.20917,-97.05786,Denton,TX
76209,33.2315,-97.11,Denton,TX
76210,33.14985,-97.0962,Denton,TX
76225,33.36616,-97.67345,Alvord,TX
76226,33.10775,-97.17196,Argyle,TX
76227,33.27465,-96.99075,Aubrey,TX
76228,33.61438,-98.06305,Bellevue,TX
76230,33.52264,-97.94497,Bowie,TX
76233,33.54025,-96.89696,Collinsville,TX
76234,33.27587,-97.51404,Decatur,TX
76238,33.4861,-97.34148,Era,TX
76239,33.524,-97.57033,Forestburg,TX
76240,33.65654,-97.17766,Gainesville,TX
76241,33.64542,-97.17628,Gainesville,TX
76244,32.93101,-97.28076,Keller,TX
76245,33.82885,-96.85422,Gordonville,TX
76247,33.0965,-97.33154,Justin,TX
76248,32.92988,-97.22972,Keller,TX
76249,33.27993,-97.3026,Krum,TX
76250,33.63006,-97.24237,Lindsay,TX
76251,33.65455,-97.69076,Montague,TX
76252,33.67788,-97.38695,Muenster,TX
76253,33.62516,-97.31327,Myra,TX
76255,33.8179,-97.71625,Nocona,TX
76258,33.37202,-96.9204,Pilot Point,TX
76259,33.19977,-97.31603,Ponder,TX
76261,33.80291,-97.96233,Ringgold,TX
76262,33.01137,-97.22101,Roanoke,TX
76263,33.50435,-97.43735,Rosston,TX
76264,33.74172,-96.83509,Sadler,TX
76265,33.74079,-97.53922,Saint Jo,TX
76266,33.36818,-97.21513,Sanger,TX
76267,33.36935,-97.39711,Slidell,TX
76268,33.62785,-96.76539,Southmayd,TX
76270,33.45471,-97.76247,Sunset,TX
76271,33.46953,-96.91412,Tioga,TX
76272,33.46421,-97.12721,Valley View,TX
76273,33.74794,-96.93935,Whitesboro,TX
76301,33.90507,-98.48043,Wichita Falls,TX
76302,33.86607,-98.48487,Wichita Falls,TX
76305,33.99979,-98.3909,Wichita Falls,TX
76306,33.95237,-98.52745,Wichita Falls,TX
76308,33.85684,-98.5378,Wichita Falls,TX
76309,33.89551,-98.544,Wichita Falls,TX
76310,33.81115,-98.51178,Wichita Falls,TX
76311,33.97324,-98.50823,Sheppard Afb,TX
76351,33.55553,-98.71145,Archer City,TX
76354,34.09521,-98.62276,Burkburnett,TX
76357,34.07875,-98.18512,Byers,TX
76360,33.97361,-99.00302,Electra,TX
76363,33.50762,-99.53122,Goree,TX
76364,34.13998,-99.00529,Harrold,TX
76365,33.754,-98.2076,Henrietta,TX
76366,33.71439,-98.77436,Holliday,TX
76367,33.97361,-98.7168,Iowa Park,TX
76370,33.45624,-98.89407,Megargel,TX
76371,33.48668,-99.65453,Munday,TX
76372,33.25173,-98.93643,Newcastle,TX
76373,34.15541,-99.11973,Oklaunion,TX
76374,33.34823,-98.7648,Olney,TX
76377,34.0101,-98.24191,Petrolia,TX
76379,33.67058,-98.47453,Scotland,TX
76380,33.60434,-99.22305,Seymour,TX
76384,34.14355,-99.32067,Vernon,TX
76388,33.31785,-99.62931,Weinert,TX
76389,33.49713,-98.47568,Windthorst,TX
76401,32.27918,-98.19994,Stephenville,TX
76402,32.21728,-98.21702,Stephenville,TX
76424,32.80431,-98.89236,Breckenridge,TX
76426,33.16493,-97.83772,Bridgeport,TX
76427,33.13145,-98.39271,Bryson,TX
76429,32.74742,-98.67428,Caddo,TX
76430,32.80303,-99.23519,Albany,TX
76431,33.31066,-97.86228,Chico,TX
76432,31.83945,-98.78705,Blanket,TX
76433,32.30662,-98.01096,Bluff Dale,TX
76435,32.21754,-98.85349,Carbon,TX
76436,31.87404,-98.22271,Carlton,TX
76437,32.388,-99.01935,Cisco,TX
76439,32.6176,-97.92708,Dennis,TX
76442,31.89015,-98.61242,Comanche,TX
76443,32.11907,-99.20174,Cross Plains,TX
76444,32.11781,-98.5672,De Leon,TX
76445,32.30318,-98.53829,Desdemona,TX
76446,32.07572,-98.35311,Dublin,TX
76448,32.39257,-98.79541,Eastland,TX
76449,32.91592,-98.32512,Graford,TX
76450,33.05968,-98.64152,Graham,TX
76452,31.77119,-98.39198,Energy,TX
76453,32.57202,-98.33908,Gordon,TX
76454,32.22983,-98.69621,Gorman,TX
76455,31.82142,-98.36676,Gustine,TX
76457,31.94968,-98.02773,Hico,TX
76458,33.21518,-98.18944,Jacksboro,TX
76459,33.27395,-98.38972,Jermyn,TX
76460,33.30796,-98.49798,Loving,TX
76462,32.52316,-98.03421,Lipan,TX
76463,32.455,-98.41516,Mingus,TX
76464,32.57554,-99.1542,Moran,TX
76466,32.42887,-98.7332,Olden,TX
76469,32.34696,-99.21707,Putnam,TX
76470,32.49977,-98.6686,Ranger,TX
76471,32.11117,-98.98499,Rising Star,TX
76472,32.60631,-98.17095,Santo,TX
76474,31.97036,-98.79142,Sidney,TX
76475,32.65296,-98.51281,Strawn,TX
76476,32.37055,-97.92017,Tolar,TX
76481,32.99706,-98.70977,South Bend,TX
76483,33.16667,-99.25111,Throckmorton,TX
76484,32.73147,-98.30551,Palo Pinto,TX
76486,33.02138,-98.05618,Perrin,TX
76487,32.97912,-97.88346,Poolville,TX
76490,32.95721,-98.04033,Whitt,TX
76491,33.05754,-99.03834,Woodson,TX
76501,31.07555,-97.25469,Temple,TX
76502,31.09388,-97.41082,Temple,TX
76504,31.14135,-97.37748,Temple,TX
76511,30.79955,-97.42293,Bartlett,TX
76513,31.05777,-97.50369,Belton,TX
76518,30.85091,-97.13957,Buckholts,TX
76519,30.98978,-97.03579,Burlington,TX
76520,30.87266,-96.89972,Cameron,TX
76522,31.21577,-97.97215,Copperas Cove,TX
76523,30.80366,-97.27795,Davilla,TX
76524,31.27445,-97.20736,Eddy,TX
76525,31.47643,-98.17321,Evant,TX
76527,30.8379,-97.79531,Florence,TX
76528,31.43589,-97.7844,Gatesville,TX
76530,30.71357,-97.42434,Granger,TX
76531,31.68423,-98.19058,Hamilton,TX
76534,30.88225,-97.36952,Holland,TX
76537,30.81779,-97.60645,Jarrell,TX
76538,31.64261,-97.8896,Jonesboro,TX
76539,31.09193,-97.9992,Kempner,TX
76541,31.11447,-97.72922,Killeen,TX
76542,31.00062,-97.7274,Killeen,TX
76543,31.12343,-97.64077,Killeen,TX
76544,31.23134,-97.75867,Fort Cavazos,TX
76548,31.05299,-97.64613,Harker Heights,TX
76549,31.01583,-97.82546,Killeen,TX
76550,31.07714,-98.22165,Lampasas,TX
76554,30.97583,-97.3677,Little River Academy,TX
76556,30.69481,-96.84487,Milano,TX
76557,31.29075,-97.39814,Moody,TX
76559,31.07987,-97.61079,Nolanville,TX
76561,31.42531,-97.54098,Oglesby,TX
76565,31.64508,-98.3492,Pottsville,TX
76566,31.51664,-97.99881,Purmela,TX
76567,30.64535,-97.01363,Rockdale,TX
76569,30.93873,-97.21904,Rogers,TX
76570,31.0818,-96.94173,Rosebud,TX
76571,30.93305,-97.58448,Salado,TX
76573,30.81864,-97.50226,Schwertner,TX
76574,30.58297,-97.38967,Taylor,TX
76577,30.62128,-97.1787,Thorndale,TX
76578,30.53488,-97.24092,Thrall,TX
76579,31.19894,-97.26046,Troy,TX
76596,31.47626,-97.72696,Gatesville,TX
76597,31.48446,-97.70983,Gatesville,TX
76598,31.47543,-97.73488,Gatesville,TX
76599,31.47092,-97.73361,Gatesville,TX
76621,31.87789,-97.08891,Abbott,TX
76622,31.82032,-97.24942,Aquilla,TX
76623,32.219,-96.78879,Avalon,TX
76624,31.66671,-96.95099,Axtell,TX
76626,32.10522,-96.71615,Blooming Grove,TX
76627,32.10511,-97.3881,Blum,TX
76628,32.03007,-96.97179,Brandon,TX
76629,31.15114,-96.65499,Bremond,TX
76630,31.33993,-97.22405,Bruceville,TX
76631,31.97905,-96.96277,Bynum,TX
76632,31.29602,-97.06158,Chilton,TX
76633,31.6857,-97.32503,China Spring,TX
76634,31.80953,-97.56866,Clifton,TX
76635,31.72956,-96.66483,Coolidge,TX
76636,32.17213,-97.28307,Covington,TX
76637,31.76631,-97.81817,Cranfills Gap,TX
76638,31.55487,-97.446,Crawford,TX
76639,31.87254,-96.65551,Dawson,TX
76640,31.69029,-97.07323,Elm Mott,TX
76641,32.03847,-96.78723,Frost,TX
76642,31.50442,-96.53271,Groesbeck,TX
76643,31.45011,-97.19732,Hewitt,TX
76645,32.01224,-97.12816,Hillsboro,TX
76648,31.84942,-96.80659,Hubbard,TX
76649,32.00132,-97.87816,Iredell,TX
76650,31.98994,-96.86678,Irene,TX
76651,32.18313,-96.87158,Italy,TX
76652,32.11331,-97.57648,Kopperl,TX
76653,31.29963,-96.60536,Kosse,TX
76654,31.72708,-97.01346,Leroy,TX
76655,31.39295,-97.1728,Lorena,TX
76656,31.18555,-97.06161,Lott,TX
76657,31.43851,-97.39971,Mcgregor,TX
76660,31.93015,-96.89331,Malone,TX
76661,31.30785,-96.84584,Marlin,TX
76664,31.56202,-96.79552,Mart,TX
76665,31.91784,-97.72049,Meridian,TX
76666,32.04653,-96.89178,Mertens,TX
76667,31.65668,-96.46511,Mexia,TX
76670,32.12887,-96.98836,Milford,TX
76671,31.99351,-97.52768,Morgan,TX
76673,31.75371,-96.89105,Mount Calm,TX
76676,31.87169,-96.95847,Penelope,TX
76678,31.65009,-96.75087,Prairie Hill,TX
76679,31.94557,-96.59358,Purdon,TX
76680,31.18798,-96.80383,Reagan,TX
76681,31.91071,-96.44006,Richland,TX
76682,31.45235,-96.90825,Riesel,TX
76685,31.34973,-97.0101,Satin,TX
76686,31.74178,-96.54464,Tehuacana,TX
76687,31.36914,-96.48691,Thornton,TX
76689,31.66624,-97.50471,Valley Mills,TX
76690,32.1031,-97.79219,Walnut Springs,TX
76691,31.77564,-97.09721,West,TX
76692,31.95902,-97.33382,Whitney,TX
76693,31.80977,-96.43843,Wortham,TX
76701,31.55201,-97.13852,Waco,TX
76704,31.57558,-97.12417,Waco,TX
76705,31.62448,-97.08814,Waco,TX
76706,31.465,-97.09131,Waco,TX
76707,31.55365,-97.15829,Waco,TX
76708,31.62749,-97.21186,Waco,TX
76710,31.5387,-97.19554,Waco,TX
76711,31.51422,-97.15374,Waco,TX
76712,31.52411,-97.25514,Woodway,TX
76798,31.54606,-97.12085,Waco,TX
76801,31.75471,-99.05462,Brownwood,TX
76802,31.7194,-98.8949,Early,TX
76820,30.79295,-99.04508,Art,TX
76821,31.73862,-99.94963,Ballinger,TX
76823,31.68718,-99.16205,Bangs,TX
76824,30.9411,-98.46339,Bend,TX
76825,31.09493,-99.39329,Brady,TX
76827,31.52589,-99.13031,Brookesmith,TX
76828,32.00728,-99.28435,Burkett,TX
76831,30.74599,-98.95543,Castell,TX
76832,30.97485,-98.74384,Cherokee,TX
76834,31.87885,-99.46843,Coleman,TX
76836,31.42409,-99.59196,Doole,TX
76837,31.21098,-99.88176,Eden,TX
76841,30.86695,-100.14226,Fort McKavett,TX
76842,30.91888,-99.1023,Fredonia,TX
76844,31.44387,-98.49348,Goldthwaite,TX
76845,31.54305,-99.48192,Gouldbusk,TX
76848,30.83928,-99.5637,Hext,TX
76849,30.45849,-99.83805,Junction,TX
76852,31.35558,-99.44335,Lohn,TX
76853,31.24774,-98.39047,Lometa,TX
76854,30.57125,-99.53945,London,TX
76856,30.70296,-99.26668,Mason,TX
76857,31.93361,-98.93313,May,TX
76858,31.20758,-99.62002,Melvin,TX
76859,30.87106,-99.83123,Menard,TX
76861,31.59216,-100.19637,Miles,TX
76862,31.4138,-99.70944,Millersview,TX
76864,31.54561,-98.73637,Mullin,TX
76865,31.84944,-100.13663,Norton,TX
76866,31.45181,-99.92922,Paint Rock,TX
76869,30.90951,-98.97464,Pontotoc,TX
76870,31.60386,-98.53151,Priddy,TX
76871,31.27333,-98.995,Richland Springs,TX
76872,31.3357,-99.1603,Rochelle,TX
76873,31.50459,-99.3696,Rockwood,TX
76874,30.47693,-100.12271,Roosevelt,TX
76875,31.59928,-100.00749,Rowena,TX
76877,31.15807,-98.75361,San Saba,TX
76878,31.66659,-99.29611,Santa Anna,TX
76880,31.44491,-98.3151,Star,TX
76882,31.80059,-99.71448,Talpa,TX
76884,31.69654,-99.56407,Valera,TX
76885,30.87304,-98.85742,Valley Spring,TX
76887,31.02696,-99.15806,Voca,TX
76888,31.60919,-99.63742,Voss,TX
76890,31.69229,-98.7649,Zephyr,TX
76901,31.52352,-100.63993,San Angelo,TX
76902,31.54439,-100.72459,San Angelo,TX
76903,31.48168,-100.43787,San Angelo,TX
76904,31.28844,-100.41695,San Angelo,TX
76905,31.49987,-100.31583,San Angelo,TX
76908,31.43226,-100.40314,Goodfellow Afb,TX
76909,31.44135,-100.46624,San Angelo,TX
76930,31.11075,-101.11975,Barnhart,TX
76932,31.19124,-101.54984,Big Lake,TX
76933,31.87618,-100.28544,Bronte,TX
76934,31.61491,-100.67661,Carlsbad,TX
76935,31.07744,-100.42261,Christoval,TX
76936,30.88811,-100.64723,Eldorado,TX
76937,31.39109,-100.15025,Eola,TX
76939,31.26855,-100.59028,Knickerbocker,TX
76940,31.43681,-100.12694,Mereta,TX
76941,31.24731,-100.89845,Mertzon,TX
76943,30.48057,-101.32623,Ozona,TX
76945,31.87297,-100.60292,Robert Lee,TX
76950,30.43439,-100.56564,Sonora,TX
76951,31.81255,-101.04709,Sterling City,TX
76953,31.72871,-100.32078,Tennyson,TX
76955,31.29919,-100.1389,Vancourt,TX
76957,31.37232,-100.30514,Wall,TX
76958,31.64467,-100.75515,Water Valley,TX
77002,29.75635,-95.36538,Houston,TX
77003,29.74961,-95.34521,Houston,TX
77004,29.72477,-95.36498,Houston,TX
77005,29.71824,-95.42413,Houston,TX
77006,29.74086,-95.39126,Houston,TX
77007,29.77152,-95.40919,Houston,TX
77008,29.79856,-95.41766,Houston,TX
77009,29.79499,-95.36758,Houston,TX
77010,29.75368,-95.35987,Houston,TX
77011,29.743,-95.30785,Houston,TX
77012,29.71904,-95.27449,Houston,TX
77013,29.79516,-95.23895,Houston,TX
77014,29.98025,-95.46363,Houston,TX
77015,29.76485,-95.17216,Houston,TX
77016,29.86147,-95.29951,Houston,TX
77017,29.69153,-95.25093,Houston,TX
77018,29.82703,-95.42571,Houston,TX
77019,29.75318,-95.41212,Houston,TX
77020,29.76842,-95.30878,Houston,TX
77021,29.69713,-95.35751,Houston,TX
77022,29.8306,-95.3768,Houston,TX
77023,29.7216,-95.31827,Houston,TX
77024,29.77073,-95.50869,Houston,TX
77025,29.68584,-95.43512,Houston,TX
77026,29.80013,-95.32934,Houston,TX
77027,29.73919,-95.44609,Houston,TX
77028,29.82471,-95.28668,Houston,TX
77029,29.76382,-95.26326,Houston,TX
77030,29.70597,-95.40253,Houston,TX
77031,29.65434,-95.54622,Houston,TX
77032,29.96523,-95.34004,Houston,TX
77033,29.66801,-95.33801,Houston,TX
77034,29.61522,-95.19237,Houston,TX
77035,29.65269,-95.47688,Houston,TX
77036,29.70119,-95.53659,Houston,TX
77037,29.8918,-95.39438,Houston,TX
77038,29.91906,-95.44121,Houston,TX
77039,29.90923,-95.34137,Houston,TX
77040,29.87539,-95.52861,Houston,TX
77041,29.86203,-95.58187,Houston,TX
77042,29.74125,-95.56015,Houston,TX
77043,29.8112,-95.57981,Houston,TX
77044,29.89808,-95.17685,Houston,TX
77045,29.63634,-95.43279,Houston,TX
77046,29.73438,-95.43301,Houston,TX
77047,29.60843,-95.38662,Houston,TX
77048,29.62154,-95.32986,Houston,TX
77049,29.83417,-95.14827,Houston,TX
77050,29.90286,-95.27013,Houston,TX
77051,29.65586,-95.38023,Houston,TX
77053,29.58549,-95.45991,Houston,TX
77054,29.68102,-95.40424,Houston,TX
77055,29.79757,-95.4928,Houston,TX
77056,29.74849,-95.46806,Houston,TX
77057,29.74522,-95.48885,Houston,TX
77058,29.56297,-95.09303,Houston,TX
77059,29.60929,-95.12417,Houston,TX
77060,29.93567,-95.39697,Houston,TX
77061,29.65436,-95.28481,Houston,TX
77062,29.57584,-95.13406,Houston,TX
77063,29.7356,-95.52157,Houston,TX
77064,29.92279,-95.5467,Houston,TX
77065,29.92673,-95.60324,Houston,TX
77066,29.95714,-95.50277,Houston,TX
77067,29.95283,-95.44719,Houston,TX
77068,30.00628,-95.48694,Houston,TX
77069,29.98631,-95.52398,Houston,TX
77070,29.97783,-95.57377,Houston,TX
77071,29.65265,-95.52046,Houston,TX
77072,29.70006,-95.58539,Houston,TX
77073,29.99849,-95.39804,Houston,TX
77074,29.68821,-95.51633,Houston,TX
77075,29.62119,-95.26749,Houston,TX
77076,29.86002,-95.38328,Houston,TX
77077,29.75375,-95.64189,Houston,TX
77078,29.8529,-95.25089,Houston,TX
77079,29.77632,-95.6037,Houston,TX
77080,29.81662,-95.52375,Houston,TX
77081,29.71219,-95.48026,Houston,TX
77082,29.72383,-95.6414,Houston,TX
77083,29.69316,-95.64858,Houston,TX
77084,29.82698,-95.6612,Houston,TX
77085,29.62465,-95.48411,Houston,TX
77086,29.9186,-95.49064,Houston,TX
77087,29.68631,-95.3034,Houston,TX
77088,29.88148,-95.45316,Houston,TX
77089,29.58698,-95.2257,Houston,TX
77090,30.00845,-95.44317,Houston,TX
77091,29.85382,-95.43969,Houston,TX
77092,29.83153,-95.47521,Houston,TX
77093,29.8623,-95.34097,Houston,TX
77094,29.7738,-95.69955,Houston,TX
77095,29.90834,-95.65492,Houston,TX
77096,29.67464,-95.47965,Houston,TX
77098,29.73482,-95.41526,Houston,TX
77099,29.67067,-95.58485,Houston,TX
77204,29.72168,-95.34356,Houston,TX
77301,30.30897,-95.43281,Conroe,TX
77302,30.22626,-95.36014,Conroe,TX
77303,30.37569,-95.37937,Conroe,TX
77304,30.33097,-95.51538,Conroe,TX
77306,30.2799,-95.31337,Conroe,TX
77316,30.30974,-95.68528,Montgomery,TX
77318,30.44709,-95.54364,Willis,TX
77320,30.80672,-95.55687,Huntsville,TX
77326,30.50445,-94.81661,Ace,TX
77327,30.3262,-94.91826,Cleveland,TX
77328,30.40767,-95.18888,Cleveland,TX
77331,30.61928,-95.17706,Coldspring,TX
77334,30.77996,-95.36465,Dodge,TX
77335,30.58901,-94.92353,Goodrich,TX
77336,30.06842,-95.10306,Huffman,TX
77338,30.00858,-95.28351,Humble,TX
77339,30.04788,-95.22139,Kingwood,TX
77340,30.64601,-95.53441,Huntsville,TX
77341,30.69818,-95.55886,Huntsville,TX
77342,30.73877,-95.55911,Huntsville,TX
77345,30.05392,-95.15884,Kingwood,TX
77346,29.99027,-95.17777,Humble,TX
77350,30.81432,-94.90086,Leggett,TX
77351,30.70411,-94.81682,Livingston,TX
77354,30.21113,-95.65003,Magnolia,TX
77355,30.1579,-95.75014,Magnolia,TX
77356,30.44807,-95.70358,Montgomery,TX
77357,30.15694,-95.18173,New Caney,TX
77358,30.55061,-95.45419,New Waverly,TX
77359,30.76262,-95.30441,Oakhurst,TX
77360,30.8471,-95.11394,Onalaska,TX
77362,30.16003,-95.67237,Pinehurst,TX
77363,30.3267,-95.85732,Plantersville,TX
77364,30.76592,-95.22168,Pointblank,TX
77365,30.11638,-95.2747,Porter,TX
77367,30.8504,-95.39147,Riverside,TX
77368,30.45114,-94.8407,Romayor,TX
77369,30.44296,-94.75084,Rye,TX
77371,30.49376,-94.98146,Shepherd,TX
77372,30.24472,-95.18281,Splendora,TX
77373,30.06143,-95.38423,Spring,TX
77374,30.38226,-94.63069,Thicket,TX
77375,30.09393,-95.59095,Tomball,TX
77376,30.44422,-94.6779,Votaw,TX
77377,30.06141,-95.67608,Tomball,TX
77378,30.45873,-95.37454,Willis,TX
77379,30.03966,-95.53305,Spring,TX
77380,30.1365,-95.46863,Spring,TX
77381,30.17791,-95.50266,Spring,TX
77382,30.19961,-95.5455,Spring,TX
77384,30.23453,-95.49675,Conroe,TX
77385,30.1894,-95.42264,Conroe,TX
77386,30.10153,-95.3561,Spring,TX
77388,30.05957,-95.46764,Spring,TX
77389,30.11509,-95.50752,Spring,TX
77396,29.94778,-95.26129,Humble,TX
77401,29.70398,-95.46192,Bellaire,TX
77406,29.64571,-95.79184,Richmond,TX
77407,29.67658,-95.71455,Richmond,TX
77412,29.56693,-96.46031,Altair,TX
77414,28.90601,-95.8935,Bay City,TX
77415,28.93425,-95.72035,Cedar Lane,TX
77417,29.46633,-95.9621,Beasley,TX
77418,29.97922,-96.25063,Bellville,TX
77419,28.8692,-96.25603,Blessing,TX
77420,29.23404,-95.91908,Boling,TX
77422,28.96492,-95.57268,Brazoria,TX
77423,29.83386,-95.98219,Brookshire,TX
77426,30.11633,-96.24721,Chappell Hill,TX
77428,28.67447,-96.15682,Collegeport,TX
77429,29.99068,-95.65808,Cypress,TX
77430,29.26487,-95.65616,Damon,TX
77431,29.13239,-95.82309,Danciger,TX
77432,29.05808,-96.21608,Danevang,TX
77433,29.9492,-95.73979,Cypress,TX
77434,29.52577,-96.31983,Eagle Lake,TX
77435,29.51111,-96.12395,East Bernard,TX
77436,29.38874,-96.23832,Egypt,TX
77437,29.20452,-96.27328,El Campo,TX
77440,28.88819,-96.14603,Elmaton,TX
77441,29.6955,-95.90896,Fulshear,TX
77442,29.43708,-96.49757,Garwood,TX
77443,29.35835,-96.18255,Glen Flora,TX
77444,29.29641,-95.77794,Guy,TX
77445,30.09562,-96.06247,Hempstead,TX
77446,30.0871,-95.9895,Prairie View,TX
77447,30.05178,-95.82868,Hockley,TX
77448,29.4147,-96.08746,Hungerford,TX
77449,29.83674,-95.73547,Katy,TX
77450,29.74753,-95.73696,Katy,TX
77451,29.46173,-96.02688,Kendleton,TX
77453,29.23303,-96.01802,Lane City,TX
77454,29.54304,-96.23044,Lissie,TX
77455,29.14017,-96.43782,Louise,TX
77456,28.9511,-96.1136,Markham,TX
77457,28.70119,-95.94076,Matagorda,TX
77458,28.95409,-96.25489,Midfield,TX
77459,29.52691,-95.53407,Missouri City,TX
77460,29.39744,-96.38451,Nada,TX
77461,29.39159,-95.77345,Needville,TX
77464,29.61807,-95.94148,Orchard,TX
77465,28.71152,-96.22545,Palacios,TX
77466,29.80003,-96.01085,Pattison,TX
77467,29.23345,-96.18563,Pierce,TX
77468,29.14681,-95.85173,Pledger,TX
77469,29.49229,-95.70571,Richmond,TX
77470,29.52775,-96.55305,Rock Island,TX
77471,29.55159,-95.86785,Rosenberg,TX
77473,29.79459,-96.1038,San Felipe,TX
77474,29.77583,-96.18518,Sealy,TX
77475,29.50419,-96.66026,Sheridan,TX
77476,29.67551,-95.97105,Simonton,TX
77477,29.62625,-95.56718,Stafford,TX
77478,29.61896,-95.6077,Sugar Land,TX
77479,29.56503,-95.6346,Sugar Land,TX
77480,29.09388,-95.76692,Sweeny,TX
77481,29.47053,-95.56975,Thompsons,TX
77482,29.09351,-95.88411,Van Vleck,TX
77483,28.77467,-95.86638,Wadsworth,TX
77484,30.07924,-95.92812,Waller,TX
77485,29.64118,-96.06236,Wallis,TX
77486,29.15495,-95.6805,West Columbia,TX
77488,29.29833,-96.09821,Wharton,TX
77489,29.60068,-95.51605,Missouri City,TX
77493,29.85193,-95.83025,Katy,TX
77494,29.74566,-95.82302,Katy,TX
77498,29.64224,-95.65244,Sugar Land,TX
77502,29.67984,-95.19953,Pasadena,TX
77503,29.69078,-95.15781,Pasadena,TX
77504,29.64766,-95.19007,Pasadena,TX
77505,29.64895,-95.14284,Pasadena,TX
77506,29.71786,-95.19018,Pasadena,TX
77507,29.62332,-95.06582,Pasadena,TX
77510,29.34788,-95.09089,Santa Fe,TX
77511,29.38638,-95.23769,Alvin,TX
77514,29.69096,-94.62598,Anahuac,TX
77515,29.17604,-95.44955,Angleton,TX
77517,29.36253,-95.1369,Santa Fe,TX
77518,29.50544,-94.98664,Bacliff,TX
77519,30.21124,-94.58596,Batson,TX
77520,29.74599,-95.00388,Baytown,TX
77521,29.81298,-94.96233,Baytown,TX
77523,29.77598,-94.8632,Baytown,TX
77530,29.78948,-95.11159,Channelview,TX
77531,29.03895,-95.40071,Clute,TX
77532,29.93177,-95.05602,Crosby,TX
77533,30.09139,-94.59488,Daisetta,TX
77534,29.21335,-95.30387,Danbury,TX
77535,30.05129,-94.91569,Dayton,TX
77536,29.69021,-95.11891,Deer Park,TX
77538,29.99217,-94.53976,Devers,TX
77539,29.45578,-95.02723,Dickinson,TX
77541,29.01496,-95.32667,Freeport,TX
77545,29.53729,-95.47242,Fresno,TX
77546,29.5132,-95.19352,Friendswood,TX
77547,29.74018,-95.23836,Galena Park,TX
77550,29.31021,-94.77706,Galveston,TX
77551,29.27903,-94.83502,Galveston,TX
77554,29.23187,-94.92544,Galveston,TX
77555,29.31082,-94.77641,Galveston,TX
77560,29.86399,-94.59643,Hankamer,TX
77561,30.13459,-94.73551,Hardin,TX
77562,29.82917,-95.05473,Highlands,TX
77563,29.31123,-95.01822,Hitchcock,TX
77564,30.21811,-94.65989,Hull,TX
77565,29.53925,-95.03229,Kemah,TX
77566,29.04971,-95.47511,Lake Jackson,TX
77568,29.36653,-94.98773,La Marque,TX
77571,29.69287,-95.06012,La Porte,TX
77573,29.50213,-95.08636,League City,TX
77575,30.07738,-94.73666,Liberty,TX
77577,29.25966,-95.26731,Liverpool,TX
77578,29.47794,-95.36757,Manvel,TX
77580,29.85706,-94.88081,Mont Belvieu,TX
77581,29.5624,-95.27982,Pearland,TX
77582,30.01371,-94.65497,Raywood,TX
77583,29.37763,-95.4585,Rosharon,TX
77584,29.54577,-95.35013,Pearland,TX
77585,30.29949,-94.5294,Saratoga,TX
77586,29.58267,-95.03391,Seabrook,TX
77587,29.66117,-95.22865,South Houston,TX
77590,29.3804,-94.91759,Texas City,TX
77591,29.39971,-95.00074,Texas City,TX
77597,29.82811,-94.69521,Wallisville,TX
77598,29.53766,-95.13714,Webster,TX
77611,30.01259,-93.8222,Bridge City,TX
77612,30.39851,-93.93276,Buna,TX
77613,30.02493,-94.35393,China,TX
77614,30.3055,-93.76033,Deweyville,TX
77615,30.35713,-94.06563,Evadale,TX
77616,30.56804,-94.2117,Fred,TX
77617,29.51128,-94.51052,Gilchrist,TX
77619,29.94549,-93.9165,Groves,TX
77622,29.85741,-94.29467,Hamshire,TX
77623,29.55957,-94.41621,High Island,TX
77624,30.68674,-94.2822,Hillister,TX
77625,30.37032,-94.3923,Kountze,TX
77627,29.99095,-94.00772,Nederland,TX
77629,29.97476,-94.42727,Nome,TX
77630,30.06534,-93.86844,Orange,TX
77632,30.2014,-93.80477,Orange,TX
77640,29.88021,-93.94152,Port Arthur,TX
77642,29.93917,-93.91606,Port Arthur,TX
77650,29.42995,-94.68096,Port Bolivar,TX
77651,29.98036,-93.94821,Port Neches,TX
77655,29.71338,-93.95306,Sabine Pass,TX
77656,30.42866,-94.16887,Silsbee,TX
77657,30.22549,-94.18862,Lumberton,TX
77659,30.15775,-94.43279,Sour Lake,TX
77660,30.63993,-94.14105,Spurger,TX
77661,29.78021,-94.36861,Stowell,TX
77662,30.1793,-94.01876,Vidor,TX
77663,30.51033,-94.4052,Village Mills,TX
77664,30.58901,-94.39529,Warren,TX
77665,29.78697,-94.40969,Winnie,TX
77701,30.07321,-94.10579,Beaumont,TX
77702,30.08624,-94.12825,Beaumont,TX
77703,30.11522,-94.10906,Beaumont,TX
77705,29.90652,-94.16961,Beaumont,TX
77706,30.10049,-94.16717,Beaumont,TX
77707,30.05323,-94.1748,Beaumont,TX
77708,30.14747,-94.15128,Beaumont,TX
77713,30.06777,-94.25716,Beaumont,TX
77801,30.63968,-96.36451,Bryan,TX
77802,30.6609,-96.32233,Bryan,TX
77803,30.67835,-96.3867,Bryan,TX
77807,30.6783,-96.47982,Bryan,TX
77808,30.78965,-96.31362,Bryan,TX
77830,30.52648,-96.00849,Anderson,TX
77831,30.73144,-95.90933,Bedias,TX
77833,30.20842,-96.40797,Brenham,TX
77835,30.19439,-96.59257,Burton,TX
77836,30.53798,-96.67813,Caldwell,TX
77837,31.00704,-96.67718,Calvert,TX
77840,30.6115,-96.32332,College Station,TX
77843,30.61527,-96.34027,College Station,TX
77845,30.56212,-96.27607,College Station,TX
77852,30.42833,-96.7573,Deanville,TX
77853,30.3623,-96.84035,Dime Box,TX
77855,31.14741,-96.11217,Flynn,TX
77856,31.07714,-96.41499,Franklin,TX
77857,30.78246,-96.73927,Gause,TX
77859,30.88012,-96.51707,Hearne,TX
77861,30.72477,-96.09908,Iola,TX
77863,30.39306,-96.55946,Lyons,TX
77864,30.96087,-95.89297,Madisonville,TX
77865,31.22275,-96.22553,Marquez,TX
77866,30.49356,-96.21034,Millican,TX
77867,30.74163,-96.56992,Mumford,TX
77868,30.36954,-96.05815,Navasota,TX
77871,31.05129,-96.10903,Normangee,TX
77872,30.88539,-96.0971,North Zulch,TX
77873,30.57489,-95.79934,Richards,TX
77875,30.58119,-95.94675,Roans Prairie,TX
77876,30.60369,-95.85656,Shiro,TX
77878,30.47222,-96.45089,Snook,TX
77879,30.40078,-96.49378,Somerville,TX
77880,30.28283,-96.1863,Washington,TX
77882,30.91139,-96.37909,Wheelock,TX
77901,28.80629,-96.98553,Victoria,TX
77904,28.91788,-97.0311,Victoria,TX
77905,28.72789,-97.0508,Victoria,TX
77950,28.26427,-96.89666,Austwell,TX
77951,28.63476,-96.91183,Bloomington,TX
77954,29.0966,-97.29533,Cuero,TX
77957,29.03022,-96.70606,Edna,TX
77960,28.65306,-97.2461,Fannin,TX
77961,28.85684,-96.35947,Francitas,TX
77962,29.03253,-96.5023,Ganado,TX
77963,28.65589,-97.40093,Goliad,TX
77964,29.38023,-96.84301,Hallettsville,TX
77968,28.90619,-96.84952,Inez,TX
77969,28.77579,-96.64719,La Salle,TX
77970,28.84533,-96.43153,La Ward,TX
77971,28.83063,-96.52176,Lolita,TX
77973,28.54094,-96.95512,Mcfaddin,TX
77974,28.89295,-97.29275,Meyersville,TX
77975,29.56843,-97.08818,Moulton,TX
77976,28.94057,-97.1342,Nursery,TX
77977,28.68082,-96.80183,Placedo,TX
77978,28.69152,-96.5991,Point Comfort,TX
77979,28.60248,-96.6017,Port Lavaca,TX
77982,28.44903,-96.48657,Port O'Connor,TX
77983,28.39874,-96.64049,Seadrift,TX
77984,29.45373,-97.18849,Shiner,TX
77986,29.47661,-96.79607,Sublime,TX
77987,29.34569,-97.08019,Sweet Home,TX
77988,28.84701,-96.87547,Telferner,TX
77990,28.48098,-96.93438,Tivoli,TX
77991,28.7866,-96.59467,Vanderbilt,TX
77993,28.85158,-97.433,Weesatche,TX
77994,29.17977,-97.46563,Westhoff,TX
77995,29.20384,-97.08814,Yoakum,TX
78001,28.25327,-99.22731,Artesia Wells,TX
78002,29.28305,-98.73652,Atascosa,TX
78003,29.71092,-99.09823,Bandera,TX
78004,29.85767,-98.53773,Bergheim,TX
78005,28.92848,-98.84668,Bigfoot,TX
78006,29.86869,-98.71368,Boerne,TX
78007,28.48212,-98.40373,Calliham,TX
78008,28.72478,-98.25911,Campbellton,TX
78009,29.36251,-98.88442,Castroville,TX
78010,29.91122,-99.04698,Center Point,TX
78011,28.80267,-98.73441,Charlotte,TX
78012,28.75792,-98.45578,Christine,TX
78013,29.97798,-98.90647,Comfort,TX
78014,28.39837,-99.10946,Cotulla,TX
78015,29.7439,-98.64785,Boerne,TX
78016,29.18499,-98.95692,Devine,TX
78017,28.72456,-99.20455,Dilley,TX
78019,28.02401,-99.28461,Encinal,TX
78021,28.4318,-98.83489,Fowlerton,TX
78022,28.24222,-98.16421,George West,TX
78023,29.61549,-98.75443,Helotes,TX
78024,29.9964,-99.48622,Hunt,TX
78025,30.07971,-99.28562,Ingram,TX
78026,28.75573,-98.54754,Jourdanton,TX
78027,29.98193,-98.53868,Kendalia,TX
78028,30.04115,-99.16276,Kerrville,TX
78029,29.90078,-99.1898,Kerrville,TX
78039,29.31324,-98.82528,La Coste,TX
78040,27.51349,-99.50232,Laredo,TX
78041,27.55489,-99.46889,Laredo,TX
78043,27.54037,-99.27447,Laredo,TX
78044,27.75613,-99.22748,Laredo,TX
78045,27.83197,-99.65963,Laredo,TX
78046,27.38371,-99.36803,Laredo,TX
78050,29.08924,-98.50258,Leming,TX
78052,29.20582,-98.77427,Lytle,TX
78055,29.8184,-99.31923,Medina,TX
78056,29.53896,-98.94184,Mico,TX
78057,29.03924,-99.02185,Moore,TX
78058,30.13188,-99.59042,Mountain Home,TX
78059,29.19236,-98.84143,Natalia,TX
78061,28.90162,-99.13104,Pearsall,TX
78062,28.74599,-98.19711,Peggy,TX
78063,29.68793,-98.91424,Pipe Creek,TX
78064,28.9206,-98.4249,Pleasanton,TX
78065,29.08152,-98.64437,Poteet,TX
78066,29.49065,-98.89042,Rio Medina,TX
78067,27.11312,-99.32793,San Ygnacio,TX
78069,29.18973,-98.68045,Somerset,TX
78070,29.89291,-98.40732,Spring Branch,TX
78071,28.47756,-98.19733,Three Rivers,TX
78072,28.32631,-98.58357,Tilden,TX
78073,29.24569,-98.6213,Von Ormy,TX
78074,29.94234,-98.79214,Waring,TX
78075,28.58862,-98.26823,Whitsett,TX
78076,26.93149,-99.13382,Zapata,TX
78101,29.34444,-98.23316,Adkins,TX
78102,28.4094,-97.71733,Beeville,TX
78104,28.52361,-97.76197,Beeville,TX
78107,28.57827,-97.59484,Berclair,TX
78108,29.57354,-98.22068,Cibolo,TX
78109,29.47977,-98.29295,Converse,TX
78111,29.03696,-97.74074,Ecleto,TX
78112,29.21353,-98.37266,Elmendorf,TX
78113,28.94563,-98.13611,Falls City,TX
78114,29.12124,-98.19708,Floresville,TX
78116,29.11275,-97.75677,Gillett,TX
78117,28.95092,-97.95736,Hobson,TX
78118,28.87574,-97.94729,Karnes City,TX
78119,28.71739,-97.91187,Kenedy,TX
78121,29.35118,-98.10241,La Vernia,TX
78122,29.44512,-97.72212,Leesville,TX
78123,29.60056,-98.04236,McQueeney,TX
78124,29.5585,-98.15176,Marion,TX
78125,28.53184,-97.96656,Mineral,TX
78130,29.69224,-98.06877,New Braunfels,TX
78132,29.76299,-98.19,New Braunfels,TX
78133,29.88119,-98.24624,Canyon Lake,TX
78140,29.30758,-97.7619,Nixon,TX
78141,28.90484,-97.62365,Nordheim,TX
78142,28.53632,-97.81297,Normanna,TX
78143,29.26267,-97.86085,Pandora,TX
78144,28.95506,-97.88795,Panna Maria,TX
78145,28.64539,-97.99248,Pawnee,TX
78146,28.6038,-97.83989,Pettus,TX
78147,29.07375,-98.08017,Poth,TX
78148,29.54331,-98.29609,Universal City,TX
78150,29.5381,-98.2815,Jbsa Randolph,TX
78151,28.86788,-97.70986,Runge,TX
78152,29.43046,-98.20171,Saint Hedwig,TX
78154,29.54774,-98.26574,Schertz,TX
78155,29.53305,-97.93832,Seguin,TX
78159,29.23031,-97.58247,Smiley,TX
78160,29.24182,-97.9285,Stockdale,TX
78161,29.28741,-98.05012,Sutherland Springs,TX
78162,28.57816,-97.79447,Tuleta,TX
78163,29.7663,-98.44514,Bulverde,TX
78164,28.9792,-97.5188,Yorktown,TX
78201,29.46901,-98.52861,San Antonio,TX
78202,29.42821,-98.46078,San Antonio,TX
78203,29.41513,-98.4593,San Antonio,TX
78204,29.40327,-98.50368,San Antonio,TX
78205,29.42364,-98.48647,San Antonio,TX
78207,29.42223,-98.52545,San Antonio,TX
78208,29.4399,-98.45823,San Antonio,TX
78209,29.48899,-98.45675,San Antonio,TX
78210,29.39597,-98.46433,San Antonio,TX
78211,29.34644,-98.56327,San Antonio,TX
78212,29.46447,-98.49222,San Antonio,TX
78213,29.51745,-98.52358,San Antonio,TX
78214,29.34944,-98.47971,San Antonio,TX
78215,29.4404,-98.48031,San Antonio,TX
78216,29.53641,-98.48999,San Antonio,TX
78217,29.54073,-98.42097,San Antonio,TX
78218,29.49354,-98.39948,San Antonio,TX
78219,29.44137,-98.38459,San Antonio,TX
78220,29.41308,-98.40152,San Antonio,TX
78221,29.28097,-98.47529,San Antonio,TX
78222,29.3679,-98.38334,San Antonio,TX
78223,29.31102,-98.38675,San Antonio,TX
78224,29.30831,-98.53751,San Antonio,TX
78225,29.38795,-98.52586,San Antonio,TX
78226,29.38442,-98.56885,San Antonio,TX
78227,29.39654,-98.64019,San Antonio,TX
78228,29.46072,-98.57201,San Antonio,TX
78229,29.5056,-98.57261,San Antonio,TX
78230,29.5455,-98.55571,San Antonio,TX
78231,29.57978,-98.54504,San Antonio,TX
78232,29.58792,-98.47503,San Antonio,TX
78233,29.55483,-98.36323,San Antonio,TX
78234,29.46108,-98.43715,Jbsa Ft Sam Houston,TX
78235,29.34244,-98.43934,San Antonio,TX
78236,29.3859,-98.62256,Jbsa Lackland,TX
78237,29.42079,-98.56832,San Antonio,TX
78238,29.47088,-98.61925,San Antonio,TX
78239,29.51664,-98.3625,San Antonio,TX
78240,29.5244,-98.60813,San Antonio,TX
78242,29.35067,-98.60751,San Antonio,TX
78243,29.37213,-98.59349,San Antonio,TX
78244,29.47702,-98.35075,San Antonio,TX
78245,29.40106,-98.73549,San Antonio,TX
78247,29.58005,-98.41196,San Antonio,TX
78248,29.59022,-98.52553,San Antonio,TX
78249,29.56752,-98.614,San Antonio,TX
78250,29.50341,-98.66668,San Antonio,TX
78251,29.46292,-98.67763,San Antonio,TX
78252,29.34167,-98.69682,San Antonio,TX
78253,29.46899,-98.78885,San Antonio,TX
78254,29.53011,-98.72805,San Antonio,TX
78255,29.64814,-98.66405,San Antonio,TX
78256,29.62272,-98.6262,San Antonio,TX
78257,29.64373,-98.57713,San Antonio,TX
78258,29.63574,-98.49282,San Antonio,TX
78259,29.62512,-98.42031,San Antonio,TX
78260,29.69737,-98.49212,San Antonio,TX
78261,29.69189,-98.40072,San Antonio,TX
78263,29.35084,-98.31219,San Antonio,TX
78264,29.19868,-98.50534,San Antonio,TX
78266,29.65611,-98.3295,San Antonio,TX
78330,27.7656,-97.91378,Agua Dulce,TX
78332,27.71671,-98.13208,Alice,TX
78336,27.94356,-97.1862,Aransas Pass,TX
78338,26.86821,-97.73585,Armstrong,TX
78339,27.80036,-97.7912,Banquete,TX
78340,28.12472,-97.20982,Bayside,TX
78341,27.57551,-98.46636,Benavides,TX
78342,27.66012,-98.07572,Ben Bolt,TX
78343,27.62163,-97.77216,Bishop,TX
78344,27.56303,-98.85966,Bruni,TX
78347,27.57337,-97.48642,Chapman Ranch,TX
78349,27.37501,-98.29983,Concepcion,TX
78351,27.66779,-97.75258,Driscoll,TX
78352,27.98154,-97.68978,Edroy,TX
78353,26.88621,-98.23927,Encino,TX
78355,27.18855,-98.20304,Falfurrias,TX
78357,27.93286,-98.5629,Freer,TX
78358,28.06841,-97.04325,Fulton,TX
78359,27.93021,-97.30056,Gregory,TX
78360,26.8605,-98.83204,Guerra,TX
78361,27.08457,-98.73973,Hebbronville,TX
78362,27.86668,-97.20167,Ingleside,TX
78363,27.43836,-97.85532,Kingsville,TX
78368,28.11299,-97.81201,Mathis,TX
78369,27.42418,-99.08229,Mirando City,TX
78370,27.94238,-97.6033,Odem,TX
78371,27.5493,-99.04716,Oilton,TX
78372,27.9979,-98.09669,Orange Grove,TX
78373,27.78075,-97.11737,Port Aransas,TX
78374,27.88849,-97.29366,Portland,TX
78375,27.38282,-98.16351,Premont,TX
78376,27.37163,-98.47721,Realitos,TX
78377,28.3418,-97.18051,Refugio,TX
78379,27.30211,-97.79361,Riviera,TX
78380,27.77872,-97.7363,Robstown,TX
78382,28.11489,-97.06342,Rockport,TX
78383,28.07713,-97.94425,Sandia,TX
78384,27.73068,-98.4707,San Diego,TX
78385,27.1276,-97.8369,Sarita,TX
78387,28.08224,-97.55255,Sinton,TX
78389,28.244,-97.66619,Skidmore,TX
78390,28.00198,-97.35631,Taft,TX
78391,28.18297,-97.72743,Tynan,TX
78393,28.18097,-97.35427,Woodsboro,TX
78401,27.79734,-97.40118,Corpus Christi,TX
78402,27.82413,-97.4091,Corpus Christi,TX
78404,27.76798,-97.39946,Corpus Christi,TX
78405,27.77404,-97.43872,Corpus Christi,TX
78406,27.77197,-97.51543,Corpus Christi,TX
78407,27.80762,-97.44772,Corpus Christi,TX
78408,27.80081,-97.44339,Corpus Christi,TX
78409,27.81729,-97.51458,Corpus Christi,TX
78410,27.83798,-97.59388,Corpus Christi,TX
78411,27.7293,-97.38504,Corpus Christi,TX
78412,27.70364,-97.34264,Corpus Christi,TX
78413,27.68345,-97.40409,Corpus Christi,TX
78414,27.65992,-97.369,Corpus Christi,TX
78415,27.65437,-97.48712,Corpus Christi,TX
78416,27.74933,-97.43759,Corpus Christi,TX
78417,27.73753,-97.46771,Corpus Christi,TX
78418,27.52732,-97.29313,Corpus Christi,TX
78419,27.69689,-97.26881,Corpus Christi,TX
78501,26.21599,-98.2391,Mcallen,TX
78503,26.16229,-98.25132,Mcallen,TX
78504,26.27758,-98.23728,Mcallen,TX
78516,26.14256,-98.11977,Alamo,TX
78520,25.96564,-97.55103,Brownsville,TX
78521,25.95109,-97.32078,Brownsville,TX
78526,25.99587,-97.44991,Brownsville,TX
78535,26.24948,-97.73124,Combes,TX
78536,26.6432,-98.44369,Delmita,TX
78537,26.17322,-98.05744,Donna,TX
78538,26.36812,-97.97152,Edcouch,TX
78539,26.28,-98.18311,Edinburg,TX
78540,26.54911,-97.99164,Edinburg,TX
78541,26.4528,-98.28632,Edinburg,TX
78542,26.44412,-98.09163,Edinburg,TX
78543,26.30117,-98.00508,Elsa,TX
78545,26.591,-99.13889,Falcon Heights,TX
78547,26.30868,-98.69723,Garciasville,TX
78548,26.27654,-98.65527,Grulla,TX
78549,26.48528,-98.02329,Hargill,TX
78550,26.25469,-97.66406,Harlingen,TX
78552,26.19664,-97.75083,Harlingen,TX
78557,26.10844,-98.25118,Hidalgo,TX
78558,26.29276,-98.02366,La Blanca,TX
78559,26.14549,-97.82765,La Feria,TX
78560,26.25545,-98.49515,La Joya,TX
78561,26.4687,-97.91595,Lasara,TX
78562,26.28809,-97.89293,La Villa,TX
78563,26.66557,-98.2517,Linn,TX
78564,26.67801,-99.13171,Lopeno,TX
78565,26.24453,-98.561,Los Ebanos,TX
78566,26.13543,-97.42184,Los Fresnos,TX
78567,26.04607,-97.73866,Los Indios,TX
78569,26.37417,-97.73851,Lyford,TX
78570,26.17149,-97.9112,Mercedes,TX
78572,26.19848,-98.35633,Mission,TX
78573,26.29745,-98.30242,Mission,TX
78574,26.31118,-98.37293,Mission,TX
78575,26.03234,-97.55083,Olmito,TX
78576,26.32584,-98.46799,Penitas,TX
78577,26.1665,-98.19082,Pharr,TX
78578,26.05336,-97.31004,Port Isabel,TX
78579,26.0892,-97.94627,Progreso,TX
78580,26.50065,-97.75087,Raymondville,TX
78582,26.53937,-98.73985,Rio Grande City,TX
78583,26.28166,-97.4686,Rio Hondo,TX
78584,26.56226,-98.98471,Roma,TX
78585,26.4856,-99.07737,Salineno,TX
78586,26.10715,-97.64576,San Benito,TX
78588,26.73966,-98.39852,San Isidro,TX
78589,26.15349,-98.15979,San Juan,TX
78590,26.50401,-97.63486,San Perlita,TX
78591,26.65351,-98.53408,Santa Elena,TX
78592,26.06516,-97.8461,Santa Maria,TX
78593,26.26999,-97.82187,Santa Rosa,TX
78594,26.34704,-97.8037,Sebastian,TX
78595,26.31457,-98.54038,Sullivan City,TX
78596,26.10668,-97.99856,Weslaco,TX
78597,26.2474,-97.19688,South Padre Island,TX
78598,26.52363,-97.42327,Port Mansfield,TX
78599,26.2181,-97.99087,Weslaco,TX
78602,30.12735,-97.32801,Bastrop,TX
78605,30.77366,-98.04663,Bertram,TX
78606,30.09213,-98.45789,Blanco,TX
78607,30.81961,-98.488,Bluffton,TX
78608,30.9341,-97.93255,Briggs,TX
78609,30.75975,-98.45271,Buchanan Dam,TX
78610,30.07962,-97.84047,Buda,TX
78611,30.79188,-98.26663,Burnet,TX
78612,30.09301,-97.49017,Cedar Creek,TX
78613,30.50683,-97.81939,Cedar Park,TX
78614,29.41314,-97.59429,Cost,TX
78615,30.46426,-97.39061,Coupland,TX
78616,29.92687,-97.55655,Dale,TX
78617,30.1508,-97.59928,Del Valle,TX
78618,30.48624,-99.16794,Doss,TX
78619,30.11215,-98.03101,Driftwood,TX
78620,30.22214,-98.13491,Dripping Springs,TX
78621,30.33737,-97.36053,Elgin,TX
78622,29.77225,-97.78229,Fentress,TX
78623,29.95973,-98.21933,Fischer,TX
78624,30.29227,-98.87141,Fredericksburg,TX
78626,30.66664,-97.59878,Georgetown,TX
78628,30.63981,-97.74636,Georgetown,TX
78629,29.47762,-97.45093,Gonzales,TX
78631,30.34576,-99.31161,Harper,TX
78632,29.68866,-97.46858,Harwood,TX
78633,30.73803,-97.75465,Georgetown,TX
78634,30.56,-97.54404,Hutto,TX
78635,30.20824,-98.5485,Hye,TX
78636,30.31649,-98.42376,Johnson City,TX
78638,29.65821,-97.79595,Kingsbury,TX
78639,30.65823,-98.45506,Kingsland,TX
78640,29.99619,-97.82355,Kyle,TX
78641,30.55851,-97.91473,Leander,TX
78642,30.6946,-97.94087,Liberty Hill,TX
78643,30.68161,-98.71281,Llano,TX
78644,29.87111,-97.67292,Lockhart,TX
78645,30.4502,-97.96934,Leander,TX
78648,29.69594,-97.63827,Luling,TX
78650,30.30536,-97.21574,McDade,TX
78652,30.13462,-97.8606,Manchaca,TX
78653,30.33783,-97.52006,Manor,TX
78654,30.57112,-98.20982,Marble Falls,TX
78655,29.82346,-97.83517,Martindale,TX
78656,29.90275,-97.8089,Maxwell,TX
78657,30.53328,-98.37906,Horseshoe Bay,TX
78658,29.59339,-97.62661,Ottine,TX
78659,30.20667,-97.12624,Paige,TX
78660,30.44361,-97.59558,Pflugerville,TX
78661,29.72925,-97.74212,Prairie Lea,TX
78662,29.94316,-97.44231,Red Rock,TX
78663,30.41582,-98.31144,Round Mountain,TX
78664,30.50461,-97.64583,Round Rock,TX
78665,30.55038,-97.63681,Round Rock,TX
78666,29.8826,-97.97974,San Marcos,TX
78669,30.4347,-98.13066,Spicewood,TX
78670,29.76267,-97.84608,Staples,TX
78671,30.20409,-98.63275,Stonewall,TX
78672,30.88151,-98.49128,Tow,TX
78674,30.67213,-97.59653,Weir,TX
78675,30.4585,-98.70534,Willow City,TX
78676,30.04141,-98.15051,Wimberley,TX
78677,29.34174,-97.59335,Wrightsboro,TX
78681,30.5355,-97.71981,Round Rock,TX
78701,30.27022,-97.74248,Austin,TX
78702,30.26339,-97.7144,Austin,TX
78703,30.29385,-97.76554,Austin,TX
78704,30.24298,-97.76537,Austin,TX
78705,30.2947,-97.739,Austin,TX
78712,30.28393,-97.73294,Austin,TX
78717,30.48988,-97.75393,Austin,TX
78719,30.14465,-97.67148,Austin,TX
78721,30.27127,-97.68345,Austin,TX
78722,30.29005,-97.71458,Austin,TX
78723,30.30423,-97.68578,Austin,TX
78724,30.29474,-97.61439,Austin,TX
78725,30.23554,-97.60859,Austin,TX
78726,30.42898,-97.84254,Austin,TX
78727,30.42894,-97.71736,Austin,TX
78728,30.45537,-97.68948,Austin,TX
78729,30.45738,-97.75516,Austin,TX
78730,30.36322,-97.83847,Austin,TX
78731,30.34766,-97.7687,Austin,TX
78732,30.3802,-97.89291,Austin,TX
78733,30.32338,-97.87762,Austin,TX
78734,30.38079,-97.94676,Austin,TX
78735,30.26634,-97.86775,Austin,TX
78736,30.24833,-97.94965,Austin,TX
78737,30.18935,-97.96059,Austin,TX
78738,30.30668,-97.99002,Austin,TX
78739,30.17596,-97.89087,Austin,TX
78741,30.23007,-97.71389,Austin,TX
78742,30.24375,-97.65869,Austin,TX
78744,30.18024,-97.72888,Austin,TX
78745,30.20743,-97.79822,Austin,TX
78746,30.29759,-97.81136,Austin,TX
78747,30.12521,-97.74117,Austin,TX
78748,30.16144,-97.8227,Austin,TX
78749,30.21329,-97.85732,Austin,TX
78750,30.41685,-97.80223,Austin,TX
78751,30.3108,-97.72278,Austin,TX
78752,30.33141,-97.70364,Austin,TX
78753,30.38353,-97.67335,Austin,TX
78754,30.35633,-97.63925,Austin,TX
78756,30.32219,-97.7402,Austin,TX
78757,30.35164,-97.73267,Austin,TX
78758,30.38768,-97.70665,Austin,TX
78759,30.4027,-97.76093,Austin,TX
78801,29.36407,-99.88476,Uvalde,TX
78802,29.14481,-99.91983,Uvalde,TX
78827,28.42865,-99.72393,Asherton,TX
78828,29.84372,-99.99375,Barksdale,TX
78829,28.89351,-99.57401,Batesville,TX
78830,28.53226,-99.48219,Big Wells,TX
78832,29.39512,-100.4069,Brackettville,TX
78833,29.69785,-99.97248,Camp Wood,TX
78834,28.54776,-99.87286,Carrizo Springs,TX
78836,28.32336,-99.64569,Catarina,TX
78837,29.92708,-101.28057,Comstock,TX
78838,29.53476,-99.70757,Concan,TX
78839,28.71282,-99.75516,Crystal City,TX
78840,29.74499,-100.92362,Del Rio,TX
78841,29.8459,-101.4653,Del Rio,TX
78842,29.63677,-101.01044,Del Rio,TX
78843,29.34904,-100.79188,Laughlin Afb,TX
78850,29.27937,-99.33581,D Hanis,TX
78851,30.22441,-101.91733,Dryden,TX
78852,28.82698,-100.31543,Eagle Pass,TX
78860,28.38168,-100.22962,El Indio,TX
78861,29.41778,-99.15663,Hondo,TX
78870,29.29829,-99.61255,Knippa,TX
78871,29.90185,-101.62018,Langtry,TX
78872,28.90751,-99.88039,La Pryor,TX
78873,29.80966,-99.73953,Leakey,TX
78877,28.9533,-100.60429,Quemado,TX
78879,29.6435,-99.71733,Rio Frio,TX
78880,29.96486,-100.27779,Rocksprings,TX
78881,29.39333,-99.50972,Sabinal,TX
78883,29.67707,-99.31851,Tarpley,TX
78884,29.63823,-99.49308,Utopia,TX
78885,29.82682,-99.54502,Vanderpool,TX
78886,29.15453,-99.18749,Yancey,TX
78931,30.03117,-96.44291,Bleiblerville,TX
78932,30.1656,-96.70793,Carmine,TX
78933,29.77209,-96.33829,Cat Spring,TX
78934,29.7023,-96.56741,Columbus,TX
78935,29.68797,-96.43006,Alleyton,TX
78938,29.82757,-96.7041,Ellinger,TX
78940,29.93139,-96.66701,Fayetteville,TX
78941,29.74201,-97.1561,Flatonia,TX
78942,30.16803,-96.93153,Giddings,TX
78943,29.69721,-96.59538,Glidden,TX
78944,30.00401,-96.48945,Industry,TX
78945,29.91594,-96.89031,La Grange,TX
78946,30.18947,-96.77412,Ledbetter,TX
78947,30.42378,-97.04183,Lexington,TX
78948,30.30748,-96.97022,Lincoln,TX
78949,29.83681,-97.08062,Muldoon,TX
78950,29.90735,-96.48518,New Ulm,TX
78951,29.61361,-96.83746,Oakland,TX
78953,29.85552,-97.35214,Rosanky,TX
78954,30.04507,-96.69774,Round Top,TX
78956,29.68322,-96.93454,Schulenburg,TX
78957,30.01279,-97.17481,Smithville,TX
78959,29.69877,-97.30153,Waelder,TX
78962,29.66951,-96.73815,Weimar,TX
78963,29.92586,-97.02767,West Point,TX
79001,35.2824,-102.8023,Adrian,TX
79002,35.19819,-100.76956,Alanreed,TX
79003,35.63873,-100.0881,Allison,TX
79005,36.3874,-100.50627,Booker,TX
79007,35.66635,-101.41444,Borger,TX
79008,35.69845,-101.42383,Borger,TX
79009,34.53016,-102.88533,Bovina,TX
79010,35.45283,-102.12013,Boys Ranch,TX
79011,35.63111,-100.20866,Briscoe,TX
79012,35.11701,-102.1072,Bushland,TX
79013,36.04183,-101.99335,Cactus,TX
79014,35.91912,-100.32123,Canadian,TX
79015,34.95259,-101.89925,Canyon,TX
79016,34.98338,-101.9148,Canyon,TX
79018,35.69322,-102.33767,Channing,TX
79019,34.98099,-101.39288,Claude,TX
79021,33.98366,-101.99302,Cotton Center,TX
79022,36.10004,-102.61443,Dalhart,TX
79024,36.43877,-100.35188,Darrouzett,TX
79025,34.94943,-102.20117,Dawn,TX
79027,34.49238,-102.3378,Dimmitt,TX
79029,35.89513,-102.02756,Dumas,TX
79031,34.24501,-102.45225,Earth,TX
79032,34.2878,-101.89492,Edmonson,TX
79033,36.30684,-100.97661,Farnsworth,TX
79034,36.37524,-100.16581,Follett,TX
79035,34.68301,-102.78573,Friona,TX
79036,35.59727,-101.54826,Fritch,TX
79039,35.25237,-101.12206,Groom,TX
79040,36.30113,-101.57841,Gruver,TX
79041,34.0376,-101.93466,Hale Center,TX
79042,34.74802,-101.89449,Happy,TX
79043,34.36761,-102.1374,Hart,TX
79044,35.87456,-102.37903,Hartley,TX
79045,34.89831,-102.51228,Hereford,TX
79046,36.14237,-100.10709,Higgins,TX
79051,36.45421,-102.23423,Kerrick,TX
79052,34.35869,-101.76276,Kress,TX
79053,34.40284,-102.59106,Lazbuddie,TX
79054,35.42894,-100.78086,Lefors,TX
79056,36.21724,-100.22139,Lipscomb,TX
79057,35.20638,-100.62157,Mclean,TX
79058,35.59509,-101.94925,Masterson,TX
79059,35.79825,-100.73531,Miami,TX
79061,35.51987,-100.45706,Mobeetie,TX
79062,35.99616,-101.52733,Morse,TX
79063,34.51063,-102.115,Nazareth,TX
79064,34.17738,-102.12699,Olton,TX
79065,35.52363,-100.90378,Pampa,TX
79066,35.49929,-101.03423,Pampa,TX
79068,35.33633,-101.45226,Panhandle,TX
79070,36.25346,-100.80731,Perryton,TX
79072,34.1719,-101.745,Plainview,TX
79073,33.95608,-101.94924,Plainview,TX
79078,35.69856,-101.55,Sanford,TX
79079,35.20719,-100.24884,Shamrock,TX
79080,35.70341,-101.21116,Skellytown,TX
79081,36.21559,-101.21054,Spearman,TX
79082,34.21881,-102.2862,Springlake,TX
79083,35.87359,-101.51422,Stinnett,TX
79084,36.25502,-102.01825,Stratford,TX
79085,34.73977,-102.50956,Summerfield,TX
79086,36.13538,-101.79255,Sunray,TX
79087,36.32788,-102.93667,Texline,TX
79088,34.57463,-101.69315,Tulia,TX
79091,34.87053,-102.11431,Umbarger,TX
79092,35.28133,-102.48784,Vega,TX
79093,36.26637,-101.02997,Waka,TX
79094,34.84546,-101.52493,Wayside,TX
79095,34.88485,-100.19561,Wellington,TX
79096,35.45133,-100.1984,Wheeler,TX
79097,35.43104,-101.17405,White Deer,TX
79098,35.15671,-102.21646,Wildorado,TX
79101,35.20605,-101.83946,Amarillo,TX
79102,35.19948,-101.84661,Amarillo,TX
79103,35.18297,-101.7999,Amarillo,TX
79104,35.2011,-101.79017,Amarillo,TX
79106,35.20369,-101.89178,Amarillo,TX
79107,35.23119,-101.7946,Amarillo,TX
79108,35.37511,-101.80307,Amarillo,TX
79109,35.1665,-101.88633,Amarillo,TX
79110,35.14946,-101.87109,Amarillo,TX
79111,35.21934,-101.68957,Amarillo,TX
79118,35.10103,-101.74863,Amarillo,TX
79119,35.10876,-102.01968,Amarillo,TX
79121,35.17447,-101.92922,Amarillo,TX
79124,35.26891,-102.02705,Amarillo,TX
79201,34.4101,-100.33521,Childress,TX
79220,33.7658,-100.76614,Afton,TX
79223,34.2317,-100.48085,Cee Vee,TX
79225,34.25058,-99.50831,Chillicothe,TX
79226,34.91965,-100.99229,Clarendon,TX
79227,33.87702,-99.74893,Crowell,TX
79229,33.67379,-100.744,Dickens,TX
79230,34.71353,-100.04878,Dodson,TX
79231,33.94164,-101.06579,Dougherty,TX
79233,34.50195,-100.49165,Estelline,TX
79234,34.22108,-100.95509,Flomot,TX
79235,33.94794,-101.26088,Floydada,TX
79236,33.5992,-100.28095,Guthrie,TX
79237,34.85566,-100.66588,Hedley,TX
79239,34.64837,-100.77015,Lakeview,TX
79240,34.8836,-100.76797,Lelia Lake,TX
79241,34.18069,-101.38507,Lockney,TX
79243,33.76426,-101.02557,Mcadoo,TX
79244,34.0383,-100.8059,Matador,TX
79245,34.68001,-100.47552,Memphis,TX
79247,34.39704,-99.3807,Odell,TX
79248,33.94146,-100.22159,Paducah,TX
79250,33.88134,-101.59881,Petersburg,TX
79251,34.96174,-100.45441,Quail,TX
79252,34.31001,-99.80874,Quanah,TX
79255,34.36113,-101.04924,Quitaque,TX
79256,33.87463,-100.82078,Roaring Springs,TX
79257,34.44868,-101.2995,Silverton,TX
79258,34.24344,-101.29647,South Plains,TX
79259,34.36243,-100.45594,Tell,TX
79261,34.45525,-100.86876,Turkey,TX
79311,33.85781,-101.88228,Abernathy,TX
79312,34.06218,-102.36794,Amherst,TX
79313,33.8126,-102.16093,Anton,TX
79314,33.63016,-103.03051,Bledsoe,TX
79316,33.13478,-102.3058,Brownfield,TX
79322,33.65887,-101.19814,Crosbyton,TX
79323,32.94678,-102.89674,Denver City,TX
79324,33.88759,-102.73534,Enochs,TX
79325,34.40798,-102.93821,Farwell,TX
79326,34.09913,-102.21433,Fieldton,TX
79329,33.72503,-101.68807,Idalou,TX
79330,33.03072,-101.21727,Justiceburg,TX
79331,32.66775,-101.97488,Lamesa,TX
79336,33.59962,-102.40214,Levelland,TX
79339,33.87938,-102.34682,Littlefield,TX
79342,32.90313,-102.33188,Loop,TX
79343,33.65096,-101.54459,Lorenzo,TX
79344,33.85677,-103.0143,Maple,TX
79345,33.33611,-102.32789,Meadow,TX
79346,33.64805,-102.82309,Morton,TX
79347,34.18804,-102.79682,Muleshoe,TX
79350,33.73115,-101.82296,New Deal,TX
79351,32.93191,-101.78581,Odonnell,TX
79353,33.78723,-102.58723,Pep,TX
79355,33.16605,-102.89485,Plains,TX
79356,33.2562,-101.33245,Post,TX
79357,33.64659,-101.40577,Ralls,TX
79358,33.4321,-102.20017,Ropesville,TX
79359,32.92872,-102.54718,Seagraves,TX
79360,32.69018,-102.72482,Seminole,TX
79363,33.70769,-102.03804,Shallowater,TX
79364,33.44681,-101.6355,Slaton,TX
79366,33.53016,-101.68367,Ransom Canyon,TX
79367,33.58938,-102.16805,Smyer,TX
79369,33.94322,-102.15916,Spade,TX
79370,33.4638,-100.92328,Spur,TX
79371,33.97942,-102.69414,Sudan,TX
79372,33.42482,-102.50108,Sundown,TX
79373,33.15905,-101.83628,Tahoka,TX
79376,33.25506,-102.64143,Tokio,TX
79377,32.9309,-102.13653,Welch,TX
79378,33.03075,-102.44482,Wellman,TX
79379,33.49523,-102.65345,Whiteface,TX
79380,33.73913,-102.32784,Whitharral,TX
79381,33.32312,-101.76982,Wilson,TX
79382,33.46578,-102.02282,Wolfforth,TX
79383,33.32429,-101.90801,New Home,TX
79401,33.58683,-101.85179,Lubbock,TX
79402,33.58124,-101.84201,Lubbock,TX
79403,33.6433,-101.76595,Lubbock,TX
79404,33.52651,-101.79856,Lubbock,TX
79406,33.58336,-101.88082,Lubbock,TX
79407,33.56566,-102.08895,Lubbock,TX
79410,33.56962,-101.89124,Lubbock,TX
79411,33.57012,-101.85773,Lubbock,TX
79412,33.5464,-101.85765,Lubbock,TX
79413,33.54576,-101.88775,Lubbock,TX
79414,33.54862,-101.91943,Lubbock,TX
79415,33.69863,-101.90497,Lubbock,TX
79416,33.60473,-101.97658,Lubbock,TX
79423,33.43376,-101.84751,Lubbock,TX
79424,33.46865,-101.93881,Lubbock,TX
79501,32.74332,-99.89332,Anson,TX
79502,33.18305,-100.26499,Aspermont,TX
79503,32.89003,-99.69033,Avoca,TX
79504,32.31336,-99.35271,Baird,TX
79505,33.56323,-99.84003,Benjamin,TX
79506,32.11366,-100.32613,Blackwell,TX
79508,32.26999,-99.83032,Buffalo Gap,TX
79510,32.26006,-99.52872,Clyde,TX
79511,32.42982,-101.26699,Coahoma,TX
79512,32.32614,-100.92807,Colorado City,TX
79517,32.87754,-101.24144,Fluvanna,TX
79518,33.31644,-100.74382,Girard,TX
79519,32.04926,-99.69857,Goldsboro,TX
79520,32.87581,-100.13012,Hamlin,TX
79521,33.12478,-99.64061,Haskell,TX
79525,32.62745,-99.82711,Hawley,TX
79526,32.6443,-100.75192,Hermleigh,TX
79527,32.59637,-101.09939,Ira,TX
79528,33.15936,-100.57982,Jayton,TX
79529,33.42911,-99.82915,Knox City,TX
79530,32.09981,-99.78178,Lawn,TX
79532,32.40804,-100.71357,Loraine,TX
79533,32.84898,-99.54739,Lueders,TX
79534,32.75559,-100.22273,McCaulley,TX
79535,32.2219,-100.48421,Maryneal,TX
79536,32.47333,-100.02859,Merkel,TX
79537,32.28033,-100.21402,Nolan,TX
79538,31.97891,-99.69177,Novice,TX
79539,33.36965,-99.89207,O'Brien,TX
79540,33.15173,-100.06289,Old Glory,TX
79541,32.15018,-99.81617,Ovalo,TX
79543,32.71864,-100.38724,Roby,TX
79544,33.30557,-99.86565,Rochester,TX
79545,32.41806,-100.57753,Roscoe,TX
79546,32.8792,-100.49136,Rotan,TX
79547,33.20478,-99.91023,Rule,TX
79548,33.06989,-99.93005,Rule,TX
79549,32.90152,-100.90407,Snyder,TX
79553,32.93785,-99.84022,Stamford,TX
79556,32.48451,-100.39263,Sweetwater,TX
79560,32.67514,-100.2094,Sylvester,TX
79561,32.51974,-100.18369,Trent,TX
79562,32.24168,-99.86766,Tuscola,TX
79563,32.42222,-99.90929,Tye,TX
79565,32.37637,-101.08415,Westbrook,TX
79566,32.15454,-100.1098,Wingate,TX
79567,31.97678,-99.97787,Winters,TX
79601,32.57226,-99.64921,Abilene,TX
79602,32.33568,-99.6699,Abilene,TX
79603,32.39904,-99.89222,Abilene,TX
79605,32.43394,-99.78182,Abilene,TX
79606,32.35477,-99.83139,Abilene,TX
79607,32.42289,-99.83904,Dyess Afb,TX
79699,32.46221,-99.71502,Abilene,TX
79701,31.99239,-102.08105,Midland,TX
79703,31.97998,-102.13158,Midland,TX
79705,32.09619,-102.0508,Midland,TX
79706,31.83622,-101.97025,Midland,TX
79707,32.03304,-102.21189,Midland,TX
79713,32.49861,-101.74554,Ackerly,TX
79714,32.32947,-102.71323,Andrews,TX
79718,30.99474,-103.73293,Balmorhea,TX
79719,31.46042,-103.4051,Barstow,TX
79720,32.20171,-101.51395,Big Spring,TX
79721,32.22491,-101.52737,Big Spring,TX
79730,31.19335,-103.06396,Coyanosa,TX
79731,31.4477,-102.56095,Crane,TX
79733,32.11036,-101.36683,Forsan,TX
79734,30.68526,-103.97911,Fort Davis,TX
79735,30.74837,-102.85518,Fort Stockton,TX
79738,32.73625,-101.48269,Gail,TX
79739,31.75515,-101.50668,Garden City,TX
79741,32.00833,-102.65675,Goldsmith,TX
79742,31.3605,-102.86027,Grandfalls,TX
79743,31.24911,-102.76766,Imperial,TX
79744,30.89083,-101.91305,Iraan,TX
79745,31.85302,-103.03325,Kermit,TX
79748,32.38784,-101.66889,Knott,TX
79749,32.25551,-101.83419,Lenorah,TX
79752,31.10993,-102.19225,McCamey,TX
79754,31.81735,-103.49163,Mentone,TX
79755,31.51298,-101.96934,Midkiff,TX
79756,31.54626,-102.88338,Monahans,TX
79758,32.0112,-102.33569,Gardendale,TX
79759,31.80913,-102.69819,Notrees,TX
79761,31.85603,-102.3485,Odessa,TX
79762,31.92573,-102.35502,Odessa,TX
79763,31.80766,-102.46744,Odessa,TX
79764,31.88546,-102.47378,Odessa,TX
79765,31.92205,-102.29878,Odessa,TX
79766,31.71014,-102.36185,Odessa,TX
79769,31.68212,-102.61973,Odessa,TX
79770,31.85389,-103.90585,Orla,TX
79772,31.39852,-103.5867,Pecos,TX
79776,31.77513,-102.55573,Penwell,TX
79777,31.47772,-103.16337,Pyote,TX
79778,31.25857,-101.97359,Rankin,TX
79780,31.03937,-103.65754,Saragosa,TX
79781,30.60111,-101.75348,Sheffield,TX
79782,32.18599,-101.88823,Stanton,TX
79783,32.3321,-102.05007,Tarzan,TX
79785,31.32135,-103.94006,Toyah,TX
79788,31.60544,-102.98261,Wickett,TX
79789,31.75047,-103.1948,Wink,TX
79821,31.97677,-106.59822,Anthony,TX
79830,29.89491,-103.49925,Alpine,TX
79832,30.36316,-103.64934,Alpine,TX
79834,29.17102,-103.28736,Big Bend National Park,TX
79835,31.93555,-106.59491,Canutillo,TX
79836,31.56975,-106.2112,Clint,TX
79837,32.11472,-105.22792,Dell City,TX
79838,31.49362,-106.17024,Fabens,TX
79839,31.36476,-105.68693,Fort Hancock,TX
79842,30.0151,-103.02301,Marathon,TX
79843,30.11987,-104.30359,Marfa,TX
79845,29.65332,-104.39724,Presidio,TX
79846,29.41684,-103.98559,Redford,TX
79847,31.78975,-104.99032,Salt Flat,TX
79848,30.27747,-102.26187,Sanderson,TX
79849,31.56449,-106.25275,San Elizario,TX
79851,31.2687,-105.26255,Sierra Blanca,TX
79852,29.36484,-103.6029,Terlingua,TX
79853,31.43559,-106.06493,Tornillo,TX
79854,30.6109,-104.62469,Valentine,TX
79855,30.92331,-104.85583,Van Horn,TX
79901,31.7597,-106.48049,El Paso,TX
79902,31.78431,-106.49768,El Paso,TX
79903,31.78622,-106.44194,El Paso,TX
79904,31.85005,-106.45417,El Paso,TX
79905,31.76665,-106.42523,El Paso,TX
79906,31.80906,-106.41954,El Paso,TX
79907,31.7074,-106.32681,El Paso,TX
79908,31.82974,-106.37763,El Paso,TX
79911,31.9361,-106.53569,El Paso,TX
79912,31.84839,-106.53272,El Paso,TX
79915,31.74593,-106.37245,El Paso,TX
79916,31.86268,-106.38912,Fort Bliss,TX
79918,31.84691,-106.36936,Fort Bliss,TX
79920,31.82261,-106.46037,El Paso,TX
79922,31.81126,-106.55823,El Paso,TX
79924,31.90224,-106.41355,El Paso,TX
79925,31.79851,-106.36327,El Paso,TX
79927,31.64566,-106.27359,El Paso,TX
79928,31.67896,-106.11511,El Paso,TX
79930,31.81078,-106.46846,El Paso,TX
79932,31.87753,-106.6068,El Paso,TX
79934,31.95206,-106.434,El Paso,TX
79935,31.76804,-106.33029,El Paso,TX
79936,31.77373,-106.29631,El Paso,TX
79938,31.85764,-106.03895,El Paso,TX
